College,Location,State,Program ,Course / Specialization,Total Fee (INR),Notes
Al-Ameen Engineering College,"Kulappully, Shoranur, Palakkad",Kerala,B.Tech,CSE - Computer Science & Engineering,"3,00,000",Total 4-year; MQ/NRI quota
Al-Ameen Engineering College,"Kulappully, Shoranur, Palakkad",Kerala,B.Tech,AI & Data Science,"3,00,000",Total 4-year
Al-Ameen Engineering College,"Kulappully, Shoranur, Palakkad",Kerala,B.Tech,CSE - Cyber Security,"3,00,000",
Al-Ameen Engineering College,"Kulappully, Shoranur, Palakkad",Kerala,B.Tech,Electrical & Electronics Engineering,"2,00,000",
Al-Ameen Engineering College,"Kulappully, Shoranur, Palakkad",Kerala,B.Tech,Mechanical Engineering,"2,00,000",
Al-Ameen Engineering College,"Kulappully, Shoranur, Palakkad",Kerala,B.Tech,Electronics & Communication Engineering,"2,00,000",
Al-Ameen Engineering College,"Kulappully, Shoranur, Palakkad",Kerala,B.Tech,Civil Engineering,"2,00,000",
Al-Ameen Engineering College,"Kulappully, Shoranur, Palakkad",Kerala,BCA,BCA + AI & Machine Learning,"3,95,000",Total 8-sem (4-year equivalent)
Al-Ameen Engineering College,"Kulappully, Shoranur, Palakkad",Kerala,BCA,"BCA + Cloud Computing, Ethical Hacking & Cyber Security","3,95,000",
Al-Ameen Engineering College,"Kulappully, Shoranur, Palakkad",Kerala,BBA,BBA + Aviation & Airport Management & Logistics SCM,"3,70,000",Total 8-sem
Al-Ameen Engineering College,"Kulappully, Shoranur, Palakkad",Kerala,M.Tech,M.Tech - ECE,Slider-based,60%+ Plus Two: Rs25k/sem; 90%+: Rs15k/sem
Al-Ameen Engineering College,"Kulappully, Shoranur, Palakkad",Kerala,M.Tech,M.Tech - EEE,Slider-based,Same merit-based slab fee
Al-Azhar Group of Institutions,"Thodupuzha, Idukki",Kerala,BBA,BBA + Logistics & SCM / Hospital Admin / Entrepreneurship / Aviation / Retail,"3,25,000",Total 3-year (6 sem)
Al-Azhar Group of Institutions,"Thodupuzha, Idukki",Kerala,BCA,BCA + AI & ML / Cloud Computing & DevOps / Ethical Hacking & Cyber Security,"3,45,000",
Al-Azhar Group of Institutions,"Thodupuzha, Idukki",Kerala,B.Com,B.Com + Logistics / Hospital Admin / Entrepreneurship / Aviation / Retail,"2,96,000",
Al-Azhar Group of Institutions,"Thodupuzha, Idukki",Kerala,B.Com,B.Com + ACCA (9 paper exemption),"3,60,000",
Al-Azhar Group of Institutions,"Thodupuzha, Idukki",Kerala,BA,BA English + Aviation & Airport Management,"2,71,000",
Al-Azhar Group of Institutions,"Thodupuzha, Idukki",Kerala,B.Sc,B.Sc Microbiology + Hospital Administration,"2,86,000",
Al-Azhar Group of Institutions,"Thodupuzha, Idukki",Kerala,BSW,BSW + Hospital Administration,"2,50,000",
Al-Azhar Group of Institutions,"Thodupuzha, Idukki",Kerala,B.Sc,B.Sc Chemistry,"1,31,000","Adm. fee Rs20,000 included"
Al-Azhar Group of Institutions,"Thodupuzha, Idukki",Kerala,BA,BA Arabic,"1,31,000",
Al-Azhar Group of Institutions,"Thodupuzha, Idukki",Kerala,MSW,MSW + Hospital Administration,"1,67,900",
Al-Azhar Group of Institutions,"Thodupuzha, Idukki",Kerala,MCA,MCA,"1,75,000",
Al-Azhar Group of Institutions,"Thodupuzha, Idukki",Kerala,M.Sc,M.Sc Chemistry,"1,38,400",
Al-Azhar Group of Institutions,"Thodupuzha, Idukki",Kerala,MBA,MBA + Digital Marketing / Logistics / Hospital Admin,"2,95,000",Total 4-sem
Al-Azhar Group of Institutions,"Thodupuzha, Idukki",Kerala,B.Tech,CSE (Al-Azhar College of Engg.),"3,07,500","Total 8-sem (Rs37,500/sem + Rs7,500 adm.)"
Al-Azhar Group of Institutions,"Thodupuzha, Idukki",Kerala,B.Tech,CSE - Cyber Security,"3,07,500",
Al-Azhar Group of Institutions,"Thodupuzha, Idukki",Kerala,B.Tech,AI & Machine Learning,"3,07,500",
Al-Azhar Group of Institutions,"Thodupuzha, Idukki",Kerala,B.Tech,Biomedical Engineering,"2,87,500","Rs35,000/sem + adm."
Al-Azhar Group of Institutions,"Thodupuzha, Idukki",Kerala,B.Tech,Civil Engineering,"1,87,500","Rs22,500/sem + adm."
Al-Azhar Group of Institutions,"Thodupuzha, Idukki",Kerala,B.Tech,Automobile Engineering,"1,87,500",
Al-Azhar Group of Institutions,"Thodupuzha, Idukki",Kerala,B.Tech,ECE,"1,87,500",
Al-Azhar Group of Institutions,"Thodupuzha, Idukki",Kerala,B.Tech,Mechanical Engineering,"1,87,500",
Al-Azhar Group of Institutions,"Thodupuzha, Idukki",Kerala,BBA (Hons.),BBA Hons. + Aviation / Logistics / Hospital Admin / Retail (Engg. campus),"3,41,000",8-sem total
Al-Azhar Group of Institutions,"Thodupuzha, Idukki",Kerala,BCA (Hons.),BCA Hons. + AI & DS / Cloud & DevOps / Ethical Hacking (Engg. campus),"3,41,000",
Al-Azhar Group of Institutions,"Thodupuzha, Idukki",Kerala,Polytechnic Diploma,Diploma - Automobile / Mech / EEE / Civil / ECE / Computer / AI-ML / Cyber Forensics,"90,000",Total 3-year (Rs15k/sem)
Al-Azhar Group of Institutions,"Thodupuzha, Idukki",Kerala,Law,LLB (3 Year),"1,80,000",Rs30k/sem + Rs2k/yr university fee
Al-Azhar Group of Institutions,"Thodupuzha, Idukki",Kerala,Law,BBA LLB / BA LLB / B.Com LLB (5 Year),"3,02,000",Rs30k/sem + Rs2k/yr university fee
Al-Azhar Group of Institutions,"Thodupuzha, Idukki",Kerala,Law,LLM,"1,50,000",Rs75k/yr
Al-Azhar Group of Institutions,"Thodupuzha, Idukki",Kerala,B.Ed,B.Ed (Al-Azhar Training College),"1,20,000",Rs60k/yr
Al-Azhar Group of Institutions,"Thodupuzha, Idukki",Kerala,D.El.Ed,D.El.Ed (Al-Azhar Training Institute),"70,000",Rs35k/yr
Al-Azhar Group of Institutions,"Thodupuzha, Idukki",Kerala,B.Pharm,B.Pharm,"6,05,004","Total 4-year; CD Rs10,000 extra"
Al-Azhar Group of Institutions,"Thodupuzha, Idukki",Kerala,D.Pharm,D.Pharm,"1,27,500","1st yr Rs65k, 2nd yr Rs62.5k; min 75%"
Al-Azhar Group of Institutions,"Thodupuzha, Idukki",Kerala,Diploma Paramedical,Diploma Health Inspector / OT & Anaesthesia / MLT,"1,27,500",Each; Rs65k yr1 + Rs62.5k yr2
Al-Azhar Group of Institutions,"Thodupuzha, Idukki",Kerala,Diploma Dental,Diploma Dental Mechanics / Hygienist / Operating Room Asst.,"1,27,500",Each; min 75%
Al-Azhar Group of Institutions,"Thodupuzha, Idukki",Kerala,UG Allied Health,BPT - Bachelor of Physiotherapy,"4,40,000",Total 4-year
Al-Azhar Group of Institutions,"Thodupuzha, Idukki",Kerala,UG Allied Health,B.Sc Optometry,"4,06,912",Total 4-year
Al-Azhar Group of Institutions,"Thodupuzha, Idukki",Kerala,UG Allied Health,B.Sc MLT,"4,76,833",Total 4-year
Al-Azhar Group of Institutions,"Thodupuzha, Idukki",Kerala,UG Nursing,GNM,"2,70,000",Rs45k/sem; min 75%
Al-Azhar Group of Institutions,"Thodupuzha, Idukki",Kerala,UG Nursing,B.Sc Nursing,"4,24,000","Rs1,06,000/yr; min 80%"
Apollo Apex Group of Institutions,Bengaluru,Karnataka,UG Nursing,B.Sc Nursing (incl. food & accommodation),"9,95,000",Total; Boys Rs50k extra
Apollo Apex Group of Institutions,Bengaluru,Karnataka,UG Nursing,GNM (incl. food & accommodation),"4,25,000",Boys Rs25k extra
Apollo Apex Group of Institutions,Bengaluru,Karnataka,UG Allied Health,B.Sc AT & OT,"3,70,000",Total 3-year; hostel Rs60k/yr extra
Apollo Apex Group of Institutions,Bengaluru,Karnataka,UG Allied Health,B.Sc MIT (Medical Imaging Technology),"2,95,000",
Apollo Apex Group of Institutions,Bengaluru,Karnataka,UG Allied Health,B.Sc CCT (Cardiac Care Technology),"4,70,000",Hostel compulsory; Rs60k/yr extra
Apollo Apex Group of Institutions,Bengaluru,Karnataka,UG Allied Health,B.Sc MLT,"2,25,000",
Apollo Apex Group of Institutions,Bengaluru,Karnataka,UG Allied Health,BPT - Bachelor of Physiotherapy,"3,95,000",Hostel compulsory
BGS & SJB Group of Institutions,"Kengeri, Bengaluru",Karnataka,BE,CSE (SJB Institute of Technology),"28,00,000",Total 4-year (Rs7L/yr); admission fee extra
BGS & SJB Group of Institutions,"Kengeri, Bengaluru",Karnataka,BE,AI & ML (AIML),"24,00,000",Rs6L/yr
BGS & SJB Group of Institutions,"Kengeri, Bengaluru",Karnataka,BE,Data Science,"24,00,000",
BGS & SJB Group of Institutions,"Kengeri, Bengaluru",Karnataka,BE,Information Science,"22,00,000",Rs5.5L/yr
BGS & SJB Group of Institutions,"Kengeri, Bengaluru",Karnataka,BE,Electronics & Communication Engineering,"18,00,000",Rs4.5L/yr
BGS & SJB Group of Institutions,"Kengeri, Bengaluru",Karnataka,BE,Civil Engineering,"8,00,000",Rs2L/yr
BGS & SJB Group of Institutions,"Kengeri, Bengaluru",Karnataka,BE,Mechanical Engineering,"8,00,000",
BGS & SJB Group of Institutions,"Kengeri, Bengaluru",Karnataka,BE,EEE,"14,00,000",Rs3.5L/yr
BGS & SJB Group of Institutions,"Kengeri, Bengaluru",Karnataka,M.Tech (PG Engg.),M.Tech Structural Engineering,"4,00,000",Total 2-year (Rs2L/yr)
BGS & SJB Group of Institutions,"Kengeri, Bengaluru",Karnataka,MBA,MBA (BU),"5,25,000",Total 2-year
BGS & SJB Group of Institutions,"Kengeri, Bengaluru",Karnataka,MBA,MBA (VTU),"8,00,000",
BGS & SJB Group of Institutions,"Kengeri, Bengaluru",Karnataka,M.Com,M.Com (Advanced),"3,00,000",
BGS & SJB Group of Institutions,"Kengeri, Bengaluru",Karnataka,B.Com,B.Com (Advanced),"4,40,000",Total 3-year
BGS & SJB Group of Institutions,"Kengeri, Bengaluru",Karnataka,BBA,BBA (Advanced),"4,60,000",
BGS & SJB Group of Institutions,"Kengeri, Bengaluru",Karnataka,BCA,BCA (Advanced),"4,60,000",
BGS & SJB Group of Institutions,"Kengeri, Bengaluru",Karnataka,B.Sc,B.Sc Forensic Science (Advanced),"4,40,000",
BGS & SJB Group of Institutions,"Kengeri, Bengaluru",Karnataka,BCA,BCA,"3,40,000",Rs1.2L yr1 + Rs1.1L yr2/yr3
BGS & SJB Group of Institutions,"Kengeri, Bengaluru",Karnataka,B.Com,B.Com,"2,85,000",Rs95k/yr
BGS & SJB Group of Institutions,"Kengeri, Bengaluru",Karnataka,B.Ed,B.Ed,"2,25,000",
BGS & SJB Group of Institutions,"Kengeri, Bengaluru",Karnataka,BCA,BCA - Cyber Security (IBM),"4,60,000",Rs2.6L yr1 + Rs1L yr2/yr3
BGS & SJB Group of Institutions,"Kengeri, Bengaluru",Karnataka,BCA,BCA - AI & ML (IBM),"4,60,000",
BGS & SJB Group of Institutions,"Kengeri, Bengaluru",Karnataka,BCA,BCA - Data Science (IBM),"4,60,000",
BGS & SJB Group of Institutions,"Kengeri, Bengaluru",Karnataka,BBA,BBA - Aviation & Logistics,"4,60,000",
BGS & SJB Group of Institutions,"Kengeri, Bengaluru",Karnataka,BBA,BBA - Business Analytics (IBM),"4,60,000",
BGS & SJB Group of Institutions,"Kengeri, Bengaluru",Karnataka,B.Com,B.Com (Regular),"2,85,000",
BGS & SJB Group of Institutions,"Kengeri, Bengaluru",Karnataka,B.Pharm,B.Pharm (BGS Global),"5,50,000",Total 4-year; food & adm. extra
BGS & SJB Group of Institutions,"Kengeri, Bengaluru",Karnataka,D.Pharm,D.Pharm,"2,25,000",Total 2-year
BGS & SJB Group of Institutions,"Kengeri, Bengaluru",Karnataka,UG Allied Health,BPT - Physiotherapy (BGS Global),"6,25,000",Total 4-year; food & adm. extra
BGS & SJB Group of Institutions,"Kengeri, Bengaluru",Karnataka,UG Hotel Mgmt,BHM - Bachelor of Hotel Management,"5,20,000",Total 4-year (Rs60k/sem x 8 + Rs40k adm.)
BGS & SJB Group of Institutions,"Kengeri, Bengaluru",Karnataka,B.Arch,B.Arch (SJB School of Architecture),"18,50,000",Total 5-year (Rs4.5L yr1 + Rs3.5L yr2-5)
BGS & SJB Group of Institutions,"Kengeri, Bengaluru",Karnataka,B.Sc Design,B.Sc Fashion & Apparel Design,"4,00,000","Total 3-year (Rs80k sem1-2, Rs60k sem3-6)"
BGS & SJB Group of Institutions,"Kengeri, Bengaluru",Karnataka,B.Sc Design,B.Sc Interior Design,"4,00,000",
BGS & SJB Group of Institutions,"Kengeri, Bengaluru",Karnataka,UG Allied Health,B.Sc Cardiac Care Technology (BGS Global),"6,25,000",Total 3-year; food & adm. extra
BGS & SJB Group of Institutions,"Kengeri, Bengaluru",Karnataka,UG Allied Health,B.Sc Perfusion Technology,"4,75,000",
BGS & SJB Group of Institutions,"Kengeri, Bengaluru",Karnataka,UG Allied Health,B.Sc Medical Imaging Technology,"4,00,000",
BGS & SJB Group of Institutions,"Kengeri, Bengaluru",Karnataka,UG Allied Health,B.Sc Anaesthesia & OT Technology,"4,00,000",
BGS & SJB Group of Institutions,"Kengeri, Bengaluru",Karnataka,UG Allied Health,B.Sc Respiratory Therapy,"4,00,000",
BGS & SJB Group of Institutions,"Kengeri, Bengaluru",Karnataka,UG Allied Health,B.Sc Neuroscience Technology,"4,00,000",
BGS & SJB Group of Institutions,"Kengeri, Bengaluru",Karnataka,UG Allied Health,Bachelors of Hospital Administration,"3,50,000",
BGS & SJB Group of Institutions,"Kengeri, Bengaluru",Karnataka,UG Allied Health,B.Sc Emergency Medicine & Trauma Care Technology,"3,25,000",
BGS & SJB Group of Institutions,"Kengeri, Bengaluru",Karnataka,UG Allied Health,B.Sc Optometry,"2,20,000",
BGS & SJB Group of Institutions,"Kengeri, Bengaluru",Karnataka,UG Allied Health,B.Sc Renal Dialysis Technology,"2,20,000",
BGS & SJB Group of Institutions,"Kengeri, Bengaluru",Karnataka,UG Allied Health,B.Sc MLT (BGS Global),"2,20,000",
BGS & SJB Group of Institutions,"Kengeri, Bengaluru",Karnataka,PG Nursing,M.Sc Nursing - MSN / OBG / PEAD / CHN,"2,75,000",Total 2-year
BGS & SJB Group of Institutions,"Kengeri, Bengaluru",Karnataka,PG Nursing,PB B.Sc Nursing,"2,40,000",
BGS & SJB Group of Institutions,"Kengeri, Bengaluru",Karnataka,UG Nursing,DGNM (Package),"3,90,000",Total 3-year
Eranad Knowledge City,"Manjeri, Malappuram",Kerala,BBA,BBA + Logistics & Supply Chain Management,"2,87,000",Total 3-year; App. fee Rs1500 extra
Eranad Knowledge City,"Manjeri, Malappuram",Kerala,BBA,BBA + Aviation & Airport Management,"2,87,000",
Eranad Knowledge City,"Manjeri, Malappuram",Kerala,BBA,BBA + Business Analytics,"2,97,000",
Eranad Knowledge City,"Manjeri, Malappuram",Kerala,B.Com,B.Com + Aviation & Airport Management,"2,83,000",
Eranad Knowledge City,"Manjeri, Malappuram",Kerala,B.Com,B.Com + Logistics & Supply Chain Management,"2,83,000",
Eranad Knowledge City,"Manjeri, Malappuram",Kerala,B.Com,B.Com + Business Analytics,"2,93,000",
Eranad Knowledge City,"Manjeri, Malappuram",Kerala,B.Sc,B.Sc Computer Science + AI & Machine Learning,"3,51,000",
Eranad Knowledge City,"Manjeri, Malappuram",Kerala,B.Sc,"B.Sc Computer Science + Cloud Computing, Ethical Hacking & Cyber Security","3,51,000",
Eranad Knowledge City,"Manjeri, Malappuram",Kerala,BCA,BCA + AI & Machine Learning,"3,51,000",
Eranad Knowledge City,"Manjeri, Malappuram",Kerala,BCA,"BCA + Cloud Computing, Ethical Hacking & Cyber Security","3,51,000",
G.R. Medical College & Hospital (Karavali Group),"Neermarga, Mangalore",Karnataka,MBBS,MBBS,Not listed,Fees not visible in brochure; contact college
G.R. Medical College & Hospital (Karavali Group),"Neermarga, Mangalore",Karnataka,BAMS,Bachelor of Ayurvedic Medicine & Surgery (BAMS),"18,00,000",Total 5-year (Rs2L adm. + Rs4L yr1 + Rs3L yr2-5)
G.R. Medical College & Hospital (Karavali Group),"Neermarga, Mangalore",Karnataka,UG Nursing,B.Sc Nursing (incl. hostel & food),"10,80,000",Total 4-year; booking Rs25k extra
G.R. Medical College & Hospital (Karavali Group),"Neermarga, Mangalore",Karnataka,PG Nursing,P.B.B.Sc Nursing,"2,20,000",Total 2-year
G.R. Medical College & Hospital (Karavali Group),"Neermarga, Mangalore",Karnataka,UG Allied Health,BPT - Physiotherapy,"5,30,000",Total 4-year (Rs1L adm. + Rs2.2L yr1 + Rs70k yr2-4)
G.R. Medical College & Hospital (Karavali Group),"Neermarga, Mangalore",Karnataka,B.Pharm,B.Pharm,"6,00,000",Total 4-year (Rs1L adm. + Rs1.7L yr1 + Rs1.1L yr2-4)
G.R. Medical College & Hospital (Karavali Group),"Neermarga, Mangalore",Karnataka,Pharm.D,Pharm.D (Doctor of Pharmacy),"12,50,000",Total 6-year
G.R. Medical College & Hospital (Karavali Group),"Neermarga, Mangalore",Karnataka,Pharm.D,Post Baccalaureate Pharm.D,"5,50,000",Total 3-year
G.R. Medical College & Hospital (Karavali Group),"Neermarga, Mangalore",Karnataka,M.Pharm,M.Pharm - Pharmacology / Quality Assurance / Pharmaceutics,"3,00,000",Each; total 2-year
G.R. Medical College & Hospital (Karavali Group),"Neermarga, Mangalore",Karnataka,UG Allied Health,B.Sc Cardiac Care Technology,"6,00,000",Total 3-year (Rs2L adm. + Rs2L yr1 + Rs1L yr2-3)
G.R. Medical College & Hospital (Karavali Group),"Neermarga, Mangalore",Karnataka,UG Allied Health,B.Sc Medical Imaging Technology,"4,60,000",
G.R. Medical College & Hospital (Karavali Group),"Neermarga, Mangalore",Karnataka,UG Allied Health,B.Sc MLT,"3,50,000",
G.R. Medical College & Hospital (Karavali Group),"Neermarga, Mangalore",Karnataka,UG Allied Health,B.Sc Optometry,"3,10,000",
G.R. Medical College & Hospital (Karavali Group),"Neermarga, Mangalore",Karnataka,UG Allied Health,B.Sc OT & Anaesthesia Technology,"4,60,000",
G.R. Medical College & Hospital (Karavali Group),"Neermarga, Mangalore",Karnataka,UG Allied Health,B.Sc Respiratory Care Technology,"3,30,000",
G.R. Medical College & Hospital (Karavali Group),"Neermarga, Mangalore",Karnataka,UG Allied Health,B.Sc Renal Dialysis Technology (RDT),"3,30,000",
G.R. Medical College & Hospital (Karavali Group),"Neermarga, Mangalore",Karnataka,UG Allied Health,B.Sc Emergency Medicine,"3,50,000",
G.R. Medical College & Hospital (Karavali Group),"Neermarga, Mangalore",Karnataka,MBA,MBA - HR / Marketing / Finance / Hospital Admin / AI,"4,00,000",Total 2-year (Rs1L adm. + Rs2.2L yr1 + Rs80k yr2)
G.R. Medical College & Hospital (Karavali Group),"Neermarga, Mangalore",Karnataka,UG Management,BHA - Bachelor of Hospital Administration,"3,30,000",Total 3-year
G.R. Medical College & Hospital (Karavali Group),"Neermarga, Mangalore",Karnataka,BE,B.E. Computer Science,"6,20,000",Total 4-year (Rs1L adm. + Rs2.2L yr1 + Rs1L yr2-4)
G.R. Medical College & Hospital (Karavali Group),"Neermarga, Mangalore",Karnataka,BE,B.E. CS - Data Science,"6,20,000",
G.R. Medical College & Hospital (Karavali Group),"Neermarga, Mangalore",Karnataka,BE,B.E. Artificial Intelligence,"6,20,000",
G.R. Medical College & Hospital (Karavali Group),"Neermarga, Mangalore",Karnataka,BE,B.E. Aeronautical Engineering,"6,20,000",
G.R. Medical College & Hospital (Karavali Group),"Neermarga, Mangalore",Karnataka,BE,B.E. Mechanical Engineering,"5,30,000",Rs1L adm. + Rs2.2L yr1 + Rs70k yr2-4
G.R. Medical College & Hospital (Karavali Group),"Neermarga, Mangalore",Karnataka,BE,B.E. Electronics & Communication Engineering,"5,30,000",
G.R. Medical College & Hospital (Karavali Group),"Neermarga, Mangalore",Karnataka,UG Design,B.Sc Interior Designing,"2,25,000",Total 3-year (Rs1L adm. + Rs75k yr1 + Rs25k yr2-3)
G.R. Medical College & Hospital (Karavali Group),"Neermarga, Mangalore",Karnataka,UG Design,B.Sc Fashion Designing,"2,25,000",
G.R. Medical College & Hospital (Karavali Group),"Neermarga, Mangalore",Karnataka,UG Hotel Mgmt,BHM - Bachelor of Hotel Management,"3,40,000",Total 4-year
G.R. Medical College & Hospital (Karavali Group),"Neermarga, Mangalore",Karnataka,Diploma,Diploma in Interior / Fashion / Hotel Management,"1,75,000",Each; total 2-year
Hita Education Institution,"Nelamangala, Bengaluru Rural",Karnataka,UG Nursing,B.Sc Nursing (incl. food & accommodation),"7,95,000",Total 4-year
Hita Education Institution,"Nelamangala, Bengaluru Rural",Karnataka,UG Nursing,B.Sc Nursing (without food & accommodation),"5,95,000",Total 4-year
Hita Education Institution,"Nelamangala, Bengaluru Rural",Karnataka,UG Nursing,GNM (incl. food & accommodation),"3,70,000",Total 3-year
Hita Education Institution,"Nelamangala, Bengaluru Rural",Karnataka,UG Nursing,GNM (without food & accommodation),"2,20,000",
Hita Education Institution,"Nelamangala, Bengaluru Rural",Karnataka,UG Allied Health,BPT - Physiotherapy (incl. food & accommodation),"7,00,000",Total 4-year
Hita Education Institution,"Nelamangala, Bengaluru Rural",Karnataka,UG Allied Health,BPT - Physiotherapy (without food & accommodation),"4,60,000",
Hita Education Institution,"Nelamangala, Bengaluru Rural",Karnataka,UG Allied Health,B.Sc AT & OT (incl. food & accommodation),"4,60,000",Total 3-year
Hita Education Institution,"Nelamangala, Bengaluru Rural",Karnataka,UG Allied Health,B.Sc AT & OT (without food & accommodation),"3,10,000",
Hita Education Institution,"Nelamangala, Bengaluru Rural",Karnataka,UG Allied Health,B.Sc MIT - Medical Imaging Technology (incl. food & accom.),"4,60,000",Total 3-year
Hita Education Institution,"Nelamangala, Bengaluru Rural",Karnataka,UG Allied Health,B.Sc MIT (without food & accommodation),"3,10,000",
Jai Bharath Group of Institutions,"Perumbavoor, Ernakulam",Kerala,BBA,"BBA + Aviation, Travel & Hospitality Management","3,68,000",Total 3-year; App. Rs1500 extra
Jai Bharath Group of Institutions,"Perumbavoor, Ernakulam",Kerala,BBA,"BBA + Logistics, Warehouse & SCM","3,55,000",
Jai Bharath Group of Institutions,"Perumbavoor, Ernakulam",Kerala,BBA,"BBA + Aviation, Travel Management & Logistics","3,68,000",
Jai Bharath Group of Institutions,"Perumbavoor, Ernakulam",Kerala,BCA,BCA + Data Science with AI & ML,"3,65,000",
Jai Bharath Group of Institutions,"Perumbavoor, Ernakulam",Kerala,BCA,BCA + AI-Enabled Ethical Hacking & Cyber Security & CCNA,"3,65,000",
Jai Bharath Group of Institutions,"Perumbavoor, Ernakulam",Kerala,BCA,BCA + Cloud Computing & CCNA,"3,65,000",
Jai Bharath Group of Institutions,"Perumbavoor, Ernakulam",Kerala,B.Com,B.Com + ACCA (9 paper exemption),"3,75,000",
Jai Bharath Group of Institutions,"Perumbavoor, Ernakulam",Kerala,B.Com,"B.Com + Aviation, Travel & Hospitality Management","3,05,000",
Jai Bharath Group of Institutions,"Perumbavoor, Ernakulam",Kerala,B.Com,"B.Com + Aviation, Travel Management & Logistics","3,05,000",
Jai Bharath Group of Institutions,"Perumbavoor, Ernakulam",Kerala,B.Com,B.Com + Data Science with AI & ML,"3,00,000",
Jai Bharath Group of Institutions,"Perumbavoor, Ernakulam",Kerala,B.Com,B.Com + AI-Enabled Ethical Hacking & Cyber Security,"3,00,000",
Jai Bharath Group of Institutions,"Perumbavoor, Ernakulam",Kerala,B.Com,"B.Com + Logistics, Warehouse & Digital Marketing","2,90,000",
Jai Bharath Group of Institutions,"Perumbavoor, Ernakulam",Kerala,B.Com,B.Com + Hospital Administration,"2,95,000",
Jai Bharath Group of Institutions,"Perumbavoor, Ernakulam",Kerala,B.Com,B.Com + Cloud Computing & CCNA,"2,95,000",
Jai Bharath Group of Institutions,"Perumbavoor, Ernakulam",Kerala,B.Sc CS,B.Sc CS + Data Science with AI & ML,"3,60,000",
Jai Bharath Group of Institutions,"Perumbavoor, Ernakulam",Kerala,B.Sc CS,B.Sc CS + AI-Enabled Ethical Hacking & Cyber Security,"3,60,000",
Jai Bharath Group of Institutions,"Perumbavoor, Ernakulam",Kerala,B.Sc CS,B.Sc CS + Cloud Computing & CCNA,"3,17,000",
Jai Bharath Group of Institutions,"Perumbavoor, Ernakulam",Kerala,B.Sc,B.Sc Cyber Forensic + AI-Enabled Ethical Hacking & Cyber Security,"3,60,000",
Jai Bharath Group of Institutions,"Perumbavoor, Ernakulam",Kerala,B.Sc,B.Sc Cyber Forensic + Data Science with AI & ML,"3,60,000",
Jai Bharath Group of Institutions,"Perumbavoor, Ernakulam",Kerala,B.Sc,B.Sc Cyber Forensic + Cloud Computing & CCNA,"3,17,000",
Jai Bharath Group of Institutions,"Perumbavoor, Ernakulam",Kerala,B.Sc,B.Sc Psychology + Hospital Administration,"2,45,000",
Jai Bharath Group of Institutions,"Perumbavoor, Ernakulam",Kerala,BSW,BSW + Hospital Administration,"2,45,000",
Jai Bharath Group of Institutions,"Perumbavoor, Ernakulam",Kerala,MSW,MSW - Master of Social Work,"1,75,000",Total 2-year
Jai Bharath Group of Institutions,"Perumbavoor, Ernakulam",Kerala,MBA,MBA - Master of Business Administration,"3,50,000",Total 2-year
Jai Bharath Group of Institutions,"Perumbavoor, Ernakulam",Kerala,B.Tech,B.Tech - AI & Machine Learning,"3,18,500",8-sem total (Rs18.5k adm. + Rs37.5k/sem)
Jai Bharath Group of Institutions,"Perumbavoor, Ernakulam",Kerala,B.Tech,B.Tech - CSE (Cyber Security),"3,18,500",
Jai Bharath Group of Institutions,"Perumbavoor, Ernakulam",Kerala,B.Tech,B.Tech - CSE (IoT),"3,18,500",
Jai Bharath Group of Institutions,"Perumbavoor, Ernakulam",Kerala,B.Tech,B.Tech - Computer Science,"3,18,500",
Jai Bharath Group of Institutions,"Perumbavoor, Ernakulam",Kerala,B.Tech,B.Tech - Mechanical Engineering,"2,18,500",Rs18.5k adm. + Rs25k/sem
Jai Bharath Group of Institutions,"Perumbavoor, Ernakulam",Kerala,B.Tech,B.Tech - Civil Engineering,"2,18,500",
Jai Bharath Group of Institutions,"Perumbavoor, Ernakulam",Kerala,B.Tech,B.Tech - Electronics & Communication Engineering,"2,18,500",
Jai Bharath Group of Institutions,"Perumbavoor, Ernakulam",Kerala,B.Tech,B.Tech - Electrical & Electronics Engineering,"2,18,500",
Jai Bharath Group of Institutions,"Perumbavoor, Ernakulam",Kerala,BCA (Engg. campus),BCA + Data Science / Ethical Hacking / Cloud Computing (Engg. campus),"3,65,000",
Jai Bharath Group of Institutions,"Perumbavoor, Ernakulam",Kerala,BBA (Engg. campus),BBA + Aviation / Logistics SCM (Engg. campus),"3,68,000",
Jai Bharath Group of Institutions,"Perumbavoor, Ernakulam",Kerala,Polytechnic,Polytechnic (3-year) - CS / Mech / Civil / Cyber Forensic / EEE,"1,32,800",Total incl. all fees
Jai Bharath Group of Institutions,"Perumbavoor, Ernakulam",Kerala,Polytechnic,Polytechnic Lateral Entry,"1,21,000",
Jai Bharath Group of Institutions,"Perumbavoor, Ernakulam",Kerala,Diploma,Diploma in Health Inspector,"1,50,000",Total 2-year (Rs75k/yr)
KMCT College of Engineering & Management (Kasaragod),Kasaragod,Kerala,B.Tech,B.Tech - CSE,"2,80,000",Total 4-year (Rs70k/yr)
KMCT College of Engineering & Management (Kasaragod),Kasaragod,Kerala,B.Tech,B.Tech - AI & Data Science,"2,80,000",
KMCT College of Engineering & Management (Kasaragod),Kasaragod,Kerala,B.Tech,B.Tech - CS & Business Systems,"2,00,000",Rs50k/yr
KMCT College of Engineering & Management (Kasaragod),Kasaragod,Kerala,B.Tech,B.Tech - ECE,"1,60,000",Rs40k/yr
KMCT College of Engineering & Management (Kasaragod),Kasaragod,Kerala,BCA,BCA + AI & ML with Cyber Security / Robotics & GenAI,"3,95,000",Total 8-sem
KMCT College of Engineering & Management (Kasaragod),Kasaragod,Kerala,BBA,BBA + Aviation / Logistics SCM / Hospital Administration,"3,40,000",Total 8-sem
KMCT College of Engineering & Management (Kasaragod),Kasaragod,Kerala,MBA,MBA Global (International Trip),"2,40,000",Total 2-year (4 sem)
KMCT College of Technology & Management (Vadakara),"Vadakara, Kozhikode",Kerala,B.Tech,B.Tech - CSE,"2,80,000",Total 4-year
KMCT College of Technology & Management (Vadakara),"Vadakara, Kozhikode",Kerala,B.Tech,B.Tech - AI & Data Science,"2,80,000",
KMCT College of Technology & Management (Vadakara),"Vadakara, Kozhikode",Kerala,B.Tech,B.Tech - CS & Business Systems,"2,00,000",
KMCT College of Technology & Management (Vadakara),"Vadakara, Kozhikode",Kerala,B.Tech,B.Tech - ECE,"1,60,000",
KMCT College of Technology & Management (Vadakara),"Vadakara, Kozhikode",Kerala,BCA,BCA + AI & ML with Cyber Security / Robotics & GenAI,"3,95,000",Total 8-sem
KMCT College of Technology & Management (Vadakara),"Vadakara, Kozhikode",Kerala,BBA,BBA + Aviation / Logistics SCM / Hospital Administration,"3,40,000",Total 8-sem
KMCT College of Technology & Management (Vadakara),"Vadakara, Kozhikode",Kerala,MBA,MBA Global (International Trip),"2,40,000",Total 2-year
KMCT Institute of Emerging Technology & Management (Kozhikode),Kozhikode,Kerala,BCA,BCA + AI & ML with Cyber Security / Robotics & GenAI,"3,95,000",Total 8-sem
KMCT Institute of Emerging Technology & Management (Kozhikode),Kozhikode,Kerala,BBA,BBA + Aviation / Logistics SCM / Hospital Administration,"3,40,000",Total 8-sem
KMCT Institute of Emerging Technology & Management (Kozhikode),Kozhikode,Kerala,MBA,MBA Global (International Trip),"2,40,000",
KMCT Institute of Emerging Technology & Management (Kozhikode),Kozhikode,Kerala,MCA,MCA,"1,15,750",Total 2-year
KMCT Institute of Engineering & Management (Perinthalmanna),"Perinthalmanna, Malappuram",Kerala,B.Tech,B.Tech - CSE,"2,80,000",Total 4-year
KMCT Institute of Engineering & Management (Perinthalmanna),"Perinthalmanna, Malappuram",Kerala,B.Tech,B.Tech - AI & Data Science,"2,80,000",
KMCT Institute of Engineering & Management (Perinthalmanna),"Perinthalmanna, Malappuram",Kerala,B.Tech,B.Tech - CS & Business Systems,"2,00,000",
KMCT Institute of Engineering & Management (Perinthalmanna),"Perinthalmanna, Malappuram",Kerala,B.Tech,B.Tech - ECE,"1,60,000",
KMCT Institute of Engineering & Management (Perinthalmanna),"Perinthalmanna, Malappuram",Kerala,BCA,BCA + AI & ML with Cyber Security / Robotics & GenAI,"3,95,000",Total 8-sem
KMCT Institute of Engineering & Management (Perinthalmanna),"Perinthalmanna, Malappuram",Kerala,BBA,BBA + Aviation / Logistics SCM / Hospital Administration,"3,40,000",Total 8-sem
KMCT Institute of Engineering & Management (Perinthalmanna),"Perinthalmanna, Malappuram",Kerala,MBA,MBA Global (International Trip),"2,40,000",
KMCT Arts & Science College (Kuttippuram),"Kuttippuram, Malappuram",Kerala,BBA,BBA + Aviation / Logistics SCM / Hospital Administration,"2,75,000",Total 3-year
KMCT Arts & Science College (Kuttippuram),"Kuttippuram, Malappuram",Kerala,BCA,BCA + Robotics & GenAI / AI & ML with Cyber Security,"3,20,000",
KMCT Arts & Science College (Kuttippuram),"Kuttippuram, Malappuram",Kerala,B.Sc CS,B.Sc CS + Robotics & GenAI / AI & ML with Cyber Security,"3,20,000",
KMCT Arts & Science College (Kuttippuram),"Kuttippuram, Malappuram",Kerala,B.Com,B.Com + Aviation / Logistics SCM / Hospital Administration,"2,75,000",
KMCT Arts & Science College (Kuttippuram),"Kuttippuram, Malappuram",Kerala,B.Com,B.Com + CMA,"3,20,000",
KMCT Arts & Science College (Kuttippuram),"Kuttippuram, Malappuram",Kerala,B.Com,B.Com + ACCA,"3,20,000",
KMCT Institute of Technology & Management (Kuttippuram),"Kuttippuram, Malappuram",Kerala,B.Tech,B.Tech - CSE,"3,66,000",Total 4-year (Rs96k yr1 + Rs90k yr2-4)
KMCT Institute of Technology & Management (Kuttippuram),"Kuttippuram, Malappuram",Kerala,B.Tech,B.Tech - AI & Data Science,"3,66,000",
KMCT Institute of Technology & Management (Kuttippuram),"Kuttippuram, Malappuram",Kerala,B.Tech,B.Tech - ECE,"2,56,000",Rs56k yr1 + Rs50k yr2-4
KMCT Institute of Technology & Management (Kuttippuram),"Kuttippuram, Malappuram",Kerala,B.Tech,B.Tech - CSE (Cyber Security),"2,46,000",Rs66k yr1 + Rs60k yr2-4
KMCT Institute of Technology & Management (Kuttippuram),"Kuttippuram, Malappuram",Kerala,BCA,BCA + AI & ML with Cyber Security / Robotics & GenAI,"3,95,000",Total 8-sem
KMCT Institute of Technology & Management (Kuttippuram),"Kuttippuram, Malappuram",Kerala,BBA,BBA + Aviation / Logistics SCM / Hospital Administration,"3,40,000",
KMCT Institute of Technology & Management (Kuttippuram),"Kuttippuram, Malappuram",Kerala,MBA,MBA (International Trip),"2,40,000",
KMCT Institute of Technology & Management (Kuttippuram),"Kuttippuram, Malappuram",Kerala,MCA,MCA,"1,15,750",Total 2-year
Krupanidhi Group of Institutions,Bengaluru,Karnataka,BCA,BCA + AI with Python / Big Data / Cyber Security / AWS Cloud,"4,62,000",Total 3-year; reg. Rs25k adjusted
Krupanidhi Group of Institutions,Bengaluru,Karnataka,BCA,BCA Co-Brand IBM,"4,99,000",
Krupanidhi Group of Institutions,Bengaluru,Karnataka,BBA,BBA Logistics,"4,34,000",
Krupanidhi Group of Institutions,Bengaluru,Karnataka,BBA,BBA Aviation & Logistics,"4,26,000",
Krupanidhi Group of Institutions,Bengaluru,Karnataka,BBA,BBA Aviation,"3,96,000",
Krupanidhi Group of Institutions,Bengaluru,Karnataka,BBA,BBA Business Analyst,"4,97,000",
Krupanidhi Group of Institutions,Bengaluru,Karnataka,B.Com,B.Com CMA,"3,85,000",
Krupanidhi Group of Institutions,Bengaluru,Karnataka,B.Com,B.Com ACCA,"4,42,000",
Krupanidhi Group of Institutions,Bengaluru,Karnataka,B.Com,B.Com Logistics,"3,70,000",
Krupanidhi Group of Institutions,Bengaluru,Karnataka,MBA,MBA,"6,30,000",Total 2-year
Krupanidhi Group of Institutions,Bengaluru,Karnataka,MBA,MBA with Foreign Trip,"7,25,000",
Krupanidhi Group of Institutions,Bengaluru,Karnataka,MCA,MCA,"3,98,000",
Krupanidhi Group of Institutions,Bengaluru,Karnataka,MSW,MSW,"2,56,000",
Krupanidhi Group of Institutions,Bengaluru,Karnataka,B.Sc,B.Sc Forensic Science,"3,86,000",
Krupanidhi Group of Institutions,Bengaluru,Karnataka,M.Sc,M.Sc Microbiology,"2,36,000",
Krupanidhi Group of Institutions,Bengaluru,Karnataka,UG Allied Health,BPT - Bachelor of Physiotherapy,"8,12,000",Total 4-year
Krupanidhi Group of Institutions,Bengaluru,Karnataka,B.Pharm,Bachelor of Pharmacy,"7,16,000",Total 4-year
Krupanidhi Group of Institutions,Bengaluru,Karnataka,Pharm.D,Pharm D (Doctor of Pharmacy),"21,00,000",Total 6-year
Mathrushree Institute of Nursing,"Jakkasandra Hobli, Nelamangala, Bengaluru Rural",Karnataka,UG Nursing,B.Sc Nursing,Not listed,INC & KSNC recognised; RGUHS affiliated; intake 40
MES T.O. Abdulla Memorial College (Kunnukara),"Kunnukara, Aluva, Ernakulam",Kerala,BA,BA English + Hospital Administration / Aviation & Hospitality Management,"2,62,000",Total 3-year (6 sem)
MES T.O. Abdulla Memorial College (Kunnukara),"Kunnukara, Aluva, Ernakulam",Kerala,B.Com,B.Com + GST/SAP/Microsoft / Logistics SCM / Hospital Admin / Aviation & Hospitality / AI & ML / Cyber Security & Ethical Hacking,"2,89,000",Total 3-year
MES T.O. Abdulla Memorial College (Kunnukara),"Kunnukara, Aluva, Ernakulam",Kerala,B.Com,B.Com + Finance with CMA (USA),"2,99,000",
MES T.O. Abdulla Memorial College (Kunnukara),"Kunnukara, Aluva, Ernakulam",Kerala,B.Com,B.Com + ACCA (9 paper exemption),"3,59,000",
MES T.O. Abdulla Memorial College (Kunnukara),"Kunnukara, Aluva, Ernakulam",Kerala,BBA,BBA + Hospital Admin / Logistics SCM / Aviation & Hospitality,"3,24,000",Total 3-year
MES T.O. Abdulla Memorial College (Kunnukara),"Kunnukara, Aluva, Ernakulam",Kerala,BCA,BCA + AI & ML / Cyber Security & Ethical Hacking,"3,45,000",Total 3-year
MES T.O. Abdulla Memorial College (Kunnukara),"Kunnukara, Aluva, Ernakulam",Kerala,B.Sc,B.Sc Psychology + Hospital Administration,"2,99,000",Total 3-year
MES T.O. Abdulla Memorial College (Kunnukara),"Kunnukara, Aluva, Ernakulam",Kerala,M.Sc,M.Sc Psychology,"1,12,750",Total 2-year (4 sem)
MES T.O. Abdulla Memorial College (Kunnukara),"Kunnukara, Aluva, Ernakulam",Kerala,M.Com,M.Com Finance & Tax,"1,12,750",Total 2-year (4 sem)
MES College of Engineering & Technology (Kunnukara),"Kunnukara, Ernakulam",Kerala,B.Tech,B.Tech Civil Engineering,"2,00,000","Total 4-year (Rs50k/yr); AICTE approved, KTU affiliated"
MES College of Engineering & Technology (Kunnukara),"Kunnukara, Ernakulam",Kerala,B.Tech,B.Tech Mechanical Engineering,"2,00,000",Rs50k/yr
MES College of Engineering & Technology (Kunnukara),"Kunnukara, Ernakulam",Kerala,B.Tech,B.Tech Electronics & Communication Engineering,"2,80,000",Rs70k/yr
MES College of Engineering & Technology (Kunnukara),"Kunnukara, Ernakulam",Kerala,B.Tech,B.Tech Artificial Intelligence & Data Science,"3,60,000",Rs90k/yr
MES College of Engineering & Technology (Kunnukara),"Kunnukara, Ernakulam",Kerala,B.Tech,B.Tech Computer Science & Engineering,"3,60,000",Rs90k/yr
MES College of Engineering & Technology (Kunnukara),"Kunnukara, Ernakulam",Kerala,B.Tech,B.Tech Robotics & Artificial Intelligence,"3,60,000",Rs90k/yr
Navaneetham Group of Institutions,Bengaluru,Karnataka,UG Nursing,B.Sc Nursing (with food & accommodation),"7,55,000","Total 4-year; one-time reg. Rs20k extra; INC/KNC approved, RGUHS affiliated"
Navaneetham Group of Institutions,Bengaluru,Karnataka,UG Nursing,B.Sc Nursing (without food & accommodation),"5,93,000",Total 4-year; one-time reg. Rs20k extra
Navaneetham Group of Institutions,Bengaluru,Karnataka,UG Nursing,GNM (with food & accommodation),"3,90,000",Total 3-year; one-time reg. Rs20k extra
Navaneetham Group of Institutions,Bengaluru,Karnataka,UG Nursing,GNM (without food & accommodation),"2,72,000",Total 3-year; one-time reg. Rs20k extra
Navaneetham Group of Institutions,Bengaluru,Karnataka,UG Allied Health,BPT - Bachelor of Physiotherapy (with food & accommodation),"5,75,000",Total 4-year; one-time reg. Rs20k extra
Navaneetham Group of Institutions,Bengaluru,Karnataka,UG Allied Health,B.Sc ATOT - Anaesthesia & OT Technology (with food & accommodation),"4,75,000",Total 3-year; one-time reg. Rs20k extra
Navaneetham Group of Institutions,Bengaluru,Karnataka,UG Allied Health,B.Sc MIT - Medical Imaging Technology (with food & accommodation),"4,75,000",Total 3-year; one-time reg. Rs20k extra
Navaneetham Group of Institutions,Bengaluru,Karnataka,UG Allied Health,B.Sc MLT - Medical Laboratory Technology (with food & accommodation),"4,75,000",Total 3-year; one-time reg. Rs20k extra
Navaneetham Group of Institutions,Bengaluru,Karnataka,UG Allied Health,"Lateral Entry - ATOT / MIT / MLT (2-year, without food & accommodation)","1,90,000",Total 2-year
Navaneetham Group of Institutions,Bengaluru,Karnataka,PG Nursing,PB B.Sc Nursing (without food & accommodation),"2,20,000",Total 2-year
Navaneetham Group of Institutions,Bengaluru,Karnataka,PG Nursing,M.Sc Nursing (without food & accommodation),"2,70,000",Total 2-year
Nirmala Arts & Science College,"Mulanthuruthy, Ernakulam",Kerala,B.Com,B.Com + Aviation & Airport Mgmt / Logistics SCM / Hospital Administration,"2,85,000","Total 3-year; App fee Rs1500, misc Rs3000 extra"
Nirmala Arts & Science College,"Mulanthuruthy, Ernakulam",Kerala,B.Com,B.Com + ACCA,"3,25,000",Total 3-year
Nirmala Arts & Science College,"Mulanthuruthy, Ernakulam",Kerala,BBA,BBA + Aviation & Airport Mgmt / Logistics SCM / Hospital Administration,"2,95,000",Total 3-year
Nirmala Arts & Science College,"Mulanthuruthy, Ernakulam",Kerala,BCA,BCA + AI & ML / Cyber Security & Ethical Hacking,"3,52,300",Total 3-year
Nirmala Arts & Science College,"Mulanthuruthy, Ernakulam",Kerala,BSW,BSW + Hospital Administration,"2,40,500",Total 3-year
Nirmala Arts & Science College,"Mulanthuruthy, Ernakulam",Kerala,B.Sc,B.Sc Psychology + Hospital Administration,"2,65,000",Total 3-year
Nirmala Arts & Science College,"Mulanthuruthy, Ernakulam",Kerala,BA,BA English + Aviation & Airport Management,"2,35,000",Total 3-year
REVA University,Bengaluru,Karnataka,B.Tech,B.Tech CSE (CS & IT),"22,00,000",Total 4-year (Rs5.5L/yr seat blocking); app fee Rs3600
REVA University,Bengaluru,Karnataka,B.Tech,B.Tech Information Science & Engineering,"20,00,000",Rs5L/yr seat blocking
REVA University,Bengaluru,Karnataka,B.Tech,B.Tech CSE (AI & ML),"27,00,000",Rs6.75L/yr
REVA University,Bengaluru,Karnataka,B.Tech,B.Tech CSE (AI & Data Science),"27,00,000",Rs6.75L/yr
REVA University,Bengaluru,Karnataka,B.Tech,B.Tech CSE (IoT & Cybersecurity incl. Blockchain),"25,00,000",Rs6.25L/yr
REVA University,Bengaluru,Karnataka,B.Tech,B.Tech Electronics & Communication Engineering,"18,40,000",Rs4.6L/yr
REVA University,Bengaluru,Karnataka,B.Tech,B.Tech Electronics & Computer Engineering,"18,00,000",Rs4.5L/yr
REVA University,Bengaluru,Karnataka,B.Tech,B.Tech Robotics & AI,"16,00,000",Rs4L/yr
REVA University,Bengaluru,Karnataka,B.Tech,B.Tech Civil Engineering,"8,00,000",Rs2L/yr
REVA University,Bengaluru,Karnataka,B.Tech,B.Tech Mechanical Engineering,"9,20,000",Rs2.3L/yr
REVA University,Bengaluru,Karnataka,B.Tech,B.Tech Mechatronics Engineering,"13,00,000",Rs3.25L/yr
REVA University,Bengaluru,Karnataka,B.Tech,B.Tech Aerospace Engineering,"15,00,000",Rs3.75L/yr
REVA University,Bengaluru,Karnataka,B.Tech,B.Tech Agricultural Engineering,"9,00,000",Rs2.25L/yr
REVA University,Bengaluru,Karnataka,B.Tech,B.Tech Electrical & Electronics Engineering,"9,20,000",Rs2.3L/yr
REVA University,Bengaluru,Karnataka,M.Tech,M.Tech CSE (Full Time),"4,20,000",Total 2-year
REVA University,Bengaluru,Karnataka,M.Tech,M.Tech CSE (Part Time),"4,50,000",Total 3-year
REVA University,Bengaluru,Karnataka,M.Tech,M.Tech VLSI & Embedded Systems (Full Time),"4,00,000",Total 2-year
REVA University,Bengaluru,Karnataka,M.Tech,M.Tech VLSI & Embedded Systems (Part Time),"4,20,000",Total 3-year
REVA University,Bengaluru,Karnataka,M.Tech,M.Tech Digital Communications & Networking,"3,40,000",Total 2-year
REVA University,Bengaluru,Karnataka,M.Tech,M.Tech Computer Aided Structural Engineering,"3,50,000",Total 2-year
REVA University,Bengaluru,Karnataka,M.Tech,M.Tech Transportation Engineering & Management,"3,20,000",
REVA University,Bengaluru,Karnataka,M.Tech,M.Tech Construction Technology & Management,"3,50,000",
REVA University,Bengaluru,Karnataka,M.Tech,M.Tech Power & Energy Systems,"3,00,000",
REVA University,Bengaluru,Karnataka,M.Tech,M.Tech Machine Design,"3,60,000",
REVA University,Bengaluru,Karnataka,B.Com,B.Com Professional (with CA coaching),"7,50,000",Total 3-year; Rs2.5L/yr
REVA University,Bengaluru,Karnataka,B.Com,B.Com International Accounting & Finance (ACCA),"7,50,000",
REVA University,Bengaluru,Karnataka,B.Com,B.Com Majors & Minors (Acctg/Fin-Tech/Finance/Data/Economics/Intl Business/Banking),"6,00,000",Rs2L/yr
REVA University,Bengaluru,Karnataka,M.Com,M.Com Dual Specialization,"1,80,000",Total 2-year (Rs90k/yr)
REVA University,Bengaluru,Karnataka,BBA,BBA Aviation Management (with Verve Academy),"7,50,000",Rs2.5L/yr
REVA University,Bengaluru,Karnataka,BBA,BBA Logistics & Supply Chain Management,"6,75,000",Rs2.25L/yr
REVA University,Bengaluru,Karnataka,BBA,BBA Business Analytics,"7,50,000",
REVA University,Bengaluru,Karnataka,BBA,BBA Strategic Brand Management,"7,50,000",
REVA University,Bengaluru,Karnataka,BBA,BBA Retail Management,"6,75,000",
REVA University,Bengaluru,Karnataka,BBA,BBA Hospital & Healthcare Management,"6,75,000",
REVA University,Bengaluru,Karnataka,BBA,BBA Majors & Minors (HR/Marketing/Finance/Entrepreneurship),"7,50,000",
REVA University,Bengaluru,Karnataka,BBA,Bachelor of Management Studies (BMS),"9,00,000",Rs3L/yr
REVA University,Bengaluru,Karnataka,MBA,MBA Dual Specialization,"12,00,000",Total 2-year (Rs6L/yr)
REVA University,Bengaluru,Karnataka,BCA,BCA,"6,75,000",Rs2.25L/yr
REVA University,Bengaluru,Karnataka,B.Sc,B.Sc CS - Cloud Computing & Big Data,"5,40,000",Rs1.8L/yr
REVA University,Bengaluru,Karnataka,B.Sc,B.Sc Multimedia & Animation,"5,10,000",Rs1.7L/yr
REVA University,Bengaluru,Karnataka,B.Sc,B.Sc CS - Cybersecurity,"5,70,000",Rs1.9L/yr
REVA University,Bengaluru,Karnataka,MCA,MCA,"6,50,000",Total 2-year
REVA University,Bengaluru,Karnataka,M.Sc,M.Sc Data Science,"5,00,000",Total 2-year
REVA University,Bengaluru,Karnataka,B.Sc,B.Sc Bioinformatics/Statistics/CS,"3,90,000",Rs1.3L/yr
REVA University,Bengaluru,Karnataka,B.Sc,B.Sc Biotechnology/Biochemistry/Genetics,"3,90,000",
REVA University,Bengaluru,Karnataka,B.Sc,B.Sc Physics/Mathematics/CS,"2,10,000",Rs70k/yr
REVA University,Bengaluru,Karnataka,B.Sc,B.Sc Microbiology/Chemistry/Genetics,"2,85,000",Rs95k/yr
REVA University,Bengaluru,Karnataka,M.Sc,M.Sc Biotechnology,"4,00,000",Total 2-year
REVA University,Bengaluru,Karnataka,M.Sc,M.Sc Chemistry,"2,00,000",
REVA University,Bengaluru,Karnataka,M.Sc,M.Sc Mathematics,"1,80,000",
REVA University,Bengaluru,Karnataka,M.Sc,M.Sc Physics,"1,80,000",
REVA University,Bengaluru,Karnataka,M.Sc,M.Sc Microbiology,"3,50,000",
REVA University,Bengaluru,Karnataka,M.Sc,M.Sc Bioinformatics,"4,00,000",
REVA University,Bengaluru,Karnataka,UG Allied Health,B.Sc MLT,"3,60,000",Total 4-year
REVA University,Bengaluru,Karnataka,UG Allied Health,B.Sc Medical Radiology & Diagnostic Imaging,"6,80,000",Total 4-year
REVA University,Bengaluru,Karnataka,UG Allied Health,B.Sc Nutrition & Dietetics,"4,00,000",Total 4-year
REVA University,Bengaluru,Karnataka,UG Allied Health,B.Sc Sports & Exercise Science (Hons),"5,60,000",Total 4-year
REVA University,Bengaluru,Karnataka,UG Allied Health,BPT - Bachelor of Physiotherapy,"6,00,000",4.5-year
REVA University,Bengaluru,Karnataka,M.Sc,M.Sc Biochemistry,"2,60,000",Total 2-year
REVA University,Bengaluru,Karnataka,M.Sc,M.Sc Nutrition & Dietetics,"2,50,000",
REVA University,Bengaluru,Karnataka,M.Sc,M.Sc Sports Biomechanics,"3,00,000",
REVA University,Bengaluru,Karnataka,B.Sc,B.Sc Interior Design,"4,50,000",Rs1.5L/yr
REVA University,Bengaluru,Karnataka,B.Arch,B.Arch,"17,50,000",Total 5-year
REVA University,Bengaluru,Karnataka,M.Arch,M.Arch Digital Architecture,"2,00,000",Total 2-year
REVA University,Bengaluru,Karnataka,Law,BA LLB (Hons) - 5 Year,"8,75,000",Rs1.75L/yr
REVA University,Bengaluru,Karnataka,Law,BBA LLB (Hons) - 5 Year,"10,00,000",Rs2L/yr
REVA University,Bengaluru,Karnataka,Law,LLM Business & Corporate Law,"2,00,000",Total 1-year
REVA University,Bengaluru,Karnataka,Law,LLM Criminal Law,"2,00,000",
REVA University,Bengaluru,Karnataka,BA,BA(H) Political Science with Minors,"12,00,000",Total 4-year (Rs3L/yr)
REVA University,Bengaluru,Karnataka,B.Sc,B.Sc Psychology (Hons & Research),"6,40,000",Total 4-year (Rs1.6L/yr)
REVA University,Bengaluru,Karnataka,B.Sc,B.Sc Psychology (Bachelors in Psychology),"16,00,000",Total 4-year (Rs4L/yr)
REVA University,Bengaluru,Karnataka,BA,BA(H) Economics with Minors,"12,00,000",Total 4-year
REVA University,Bengaluru,Karnataka,M.Sc,M.Sc Clinical Psychology,"3,50,000",Total 2-year
REVA University,Bengaluru,Karnataka,M.Sc,M.Sc Psychology,"3,50,000",
REVA University,Bengaluru,Karnataka,MA,MA English,"1,30,000",Total 2-year
REVA University,Bengaluru,Karnataka,MA,MA International Relations & Strategic Studies,"4,00,000",
REVA University,Bengaluru,Karnataka,B.Sc,B.Sc(H) Integrated Marketing Communication & Advertising,"7,00,000",Total 4-year (Rs1.75L/yr)
REVA University,Bengaluru,Karnataka,MA,MA Communication & Journalism,"2,50,000",Total 2-year
REVA University,Bengaluru,Karnataka,Diploma,Diploma Performing Arts (Bharatnatyam/Kathak/Kuchipudi/Mohiniyattam/Yakshagana/Carnatic/Hindustani/Theatre),"45,000",Total 1-year
REVA University,Bengaluru,Karnataka,BA,BA Performing Arts with Minors,"3,30,000",Total 3-year (Rs1.1L/yr)
REVA University,Bengaluru,Karnataka,MA,Master of Performing Arts (MPA),"2,20,000",Total 2-year (Rs1.1L/yr)
SB Group of Institutions,"Yelahanka New Town, Bengaluru",Karnataka,UG Nursing,B.Sc Nursing,Not listed,Fees not visible in brochure; contact college
SB Group of Institutions,"Yelahanka New Town, Bengaluru",Karnataka,UG Allied Health,Allied Health Science courses,Not listed,Fees not visible; contact college
SB Group of Institutions,"Yelahanka New Town, Bengaluru",Karnataka,MBA,MBA,Not listed,Fees not visible; contact college
Shri Maruthi Group of Institutions,"Doddabylakere, Hesaraghatta Road, Yelahanka, Bengaluru",Karnataka,UG Nursing,B.Sc Nursing (with food & accommodation),"8,75,000",Total 4-year (Rs2.75L yr1 + Rs2L yr2-4)
Shri Maruthi Group of Institutions,"Doddabylakere, Hesaraghatta Road, Yelahanka, Bengaluru",Karnataka,UG Nursing,GNM (with food & accommodation),"4,25,000",Total 3-year (Rs2.2L yr1 + Rs1.05L yr2 + Rs1L yr3)
Shri Maruthi Group of Institutions,"Doddabylakere, Hesaraghatta Road, Yelahanka, Bengaluru",Karnataka,PG Nursing,PB B.Sc Nursing,"2,50,000",Total 2-year (Rs1.3L yr1 + Rs1.2L yr2)
Shri Maruthi Group of Institutions,"Doddabylakere, Hesaraghatta Road, Yelahanka, Bengaluru",Karnataka,PG Nursing,M.Sc Nursing - Paediatrics/OBG/Psychiatry/Community,"2,50,000",Total 2-year (Rs1.5L + Rs1L)
Shri Maruthi Group of Institutions,"Doddabylakere, Hesaraghatta Road, Yelahanka, Bengaluru",Karnataka,PG Nursing,M.Sc Nursing - Medical Surgical Nursing,"3,00,000",Total 2-year (Rs1.5L + Rs1.5L)
Shri Maruthi Group of Institutions,"Doddabylakere, Hesaraghatta Road, Yelahanka, Bengaluru",Karnataka,UG Allied Health,BPT - Physiotherapy (with hostel),"5,40,000",Total 4-year (Rs2.1L yr1 + Rs1.1L yr2-4)
Shri Maruthi Group of Institutions,"Doddabylakere, Hesaraghatta Road, Yelahanka, Bengaluru",Karnataka,UG Allied Health,BPT - Physiotherapy (without hostel),"3,40,000",Total 4-year (Rs1.6L yr1 + Rs60k yr2-4)
Shri Maruthi Group of Institutions,"Doddabylakere, Hesaraghatta Road, Yelahanka, Bengaluru",Karnataka,UG Allied Health,B.Sc MLT (with food & accommodation),"4,90,000",Total 3-year + internship (Rs2.5L yr1 + Rs1.2L yr2-3)
Shri Maruthi Group of Institutions,"Doddabylakere, Hesaraghatta Road, Yelahanka, Bengaluru",Karnataka,UG Allied Health,B.Sc MLT (without food & accommodation),"3,05,000",Total 3-year + internship (Rs1.85L yr1 + Rs60k yr2-3)
Shri Maruthi Group of Institutions,"Doddabylakere, Hesaraghatta Road, Yelahanka, Bengaluru",Karnataka,UG Allied Health,B.Sc MIT (with food & accommodation),"4,90,000",Same as MLT
Shri Maruthi Group of Institutions,"Doddabylakere, Hesaraghatta Road, Yelahanka, Bengaluru",Karnataka,UG Allied Health,B.Sc MIT (without food & accommodation),"3,05,000",
Shri Maruthi Group of Institutions,"Doddabylakere, Hesaraghatta Road, Yelahanka, Bengaluru",Karnataka,UG Allied Health,B.Sc RDT (with food & accommodation),"4,90,000",
Shri Maruthi Group of Institutions,"Doddabylakere, Hesaraghatta Road, Yelahanka, Bengaluru",Karnataka,UG Allied Health,B.Sc RDT (without food & accommodation),"3,05,000",
Shri Maruthi Group of Institutions,"Doddabylakere, Hesaraghatta Road, Yelahanka, Bengaluru",Karnataka,UG Allied Health,B.Sc AT & OT (with food & accommodation),"4,90,000",
Shri Maruthi Group of Institutions,"Doddabylakere, Hesaraghatta Road, Yelahanka, Bengaluru",Karnataka,UG Allied Health,B.Sc AT & OT (without food & accommodation),"3,05,000",
Shri Maruthi Group of Institutions,"Doddabylakere, Hesaraghatta Road, Yelahanka, Bengaluru",Karnataka,Diploma Paramedical,DMLT - Diploma in Medical Lab Technology,"1,25,000",Total 3-year (Rs75k yr1 + Rs25k yr2-3)
Shri Maruthi Group of Institutions,"Doddabylakere, Hesaraghatta Road, Yelahanka, Bengaluru",Karnataka,Diploma Paramedical,DMIT - Diploma in Medical Imaging Technology,"1,25,000",
Shri Maruthi Group of Institutions,"Doddabylakere, Hesaraghatta Road, Yelahanka, Bengaluru",Karnataka,Diploma Paramedical,DOT - Diploma in Ophthalmic Technology,"1,25,000",
Shri Maruthi Group of Institutions,"Doddabylakere, Hesaraghatta Road, Yelahanka, Bengaluru",Karnataka,Diploma Paramedical,DOTT & AT - Diploma in OT & Anaesthesia Technology,"1,25,000",
Shri Maruthi Group of Institutions,"Doddabylakere, Hesaraghatta Road, Yelahanka, Bengaluru",Karnataka,Diploma Paramedical,DHI - Diploma in Health Inspector,"1,25,000",
Shri Maruthi Group of Institutions,"Doddabylakere, Hesaraghatta Road, Yelahanka, Bengaluru",Karnataka,Diploma Paramedical,DDT - Diploma in Dialysis Technology,"1,25,000",
Shri Maruthi Group of Institutions,"Doddabylakere, Hesaraghatta Road, Yelahanka, Bengaluru",Karnataka,Law,LLB - 3 Year,"2,45,000",Total 3-year (Rs1.25L yr1 + Rs60k yr2-3)
Shri Maruthi Group of Institutions,"Doddabylakere, Hesaraghatta Road, Yelahanka, Bengaluru",Karnataka,Law,LLB - 5 Year,"3,50,000",Total 5-year (Rs1.5L yr1 + Rs50k yr2-5)
Shri Maruthi Group of Institutions,"Doddabylakere, Hesaraghatta Road, Yelahanka, Bengaluru",Karnataka,D.Pharm,D.Pharm,"1,20,000",Total 2-year (Rs80k yr1 + Rs40k yr2)
Shri Maruthi Group of Institutions,"Doddabylakere, Hesaraghatta Road, Yelahanka, Bengaluru",Karnataka,B.Pharm,B.Pharm (without hostel),"3,45,000",Total 4-year (Rs1.5L yr1 + Rs65k yr2-4)
Shri Maruthi Group of Institutions,"Doddabylakere, Hesaraghatta Road, Yelahanka, Bengaluru",Karnataka,B.Pharm,B.Pharm (with hostel),"5,45,000",Total 4-year (Rs2L yr1 + Rs1.15L yr2-4)
Surya Group of Nursing,Bengaluru (location from brochure context),Karnataka,UG Nursing,B.Sc Nursing,Not listed,Fee details not visible in brochure; contact college
Surya Group of Nursing,Bengaluru (location from brochure context),Karnataka,UG Nursing,GNM,Not listed,Fee details not visible; contact college
Yeldo Mar Baselios College (YMBC),"Kothamangalam, Ernakulam",Kerala,BBA,BBA + Data Analytics,"3,25,000",Total 3-year; app fee Rs1500 extra
Yeldo Mar Baselios College (YMBC),"Kothamangalam, Ernakulam",Kerala,BBA,BBA + Entrepreneurship/Logistics SCM/Digital Marketing/Aviation & Hospitality/Hospital Admin/Data Analytics & AI,"2,95,000",Total 3-year; app fee Rs1500 extra
Yeldo Mar Baselios College (YMBC),"Kothamangalam, Ernakulam",Kerala,B.Com,B.Com Tax/Computer Application + ACCA / CMA (IND/USA),"3,50,000",Total 3-year; app fee Rs1500
Yeldo Mar Baselios College (YMBC),"Kothamangalam, Ernakulam",Kerala,B.Com,B.Com + Aviation & Hospitality / Logistics SCM / Digital Marketing / Data Analytics / Hospital Admin,"2,85,000",Total 3-year
Yeldo Mar Baselios College (YMBC),"Kothamangalam, Ernakulam",Kerala,B.Com,B.Com + Data Analytics & AI,"2,95,000",Total 3-year
Yeldo Mar Baselios College (YMBC),"Kothamangalam, Ernakulam",Kerala,BCA,BCA + Cloud Computing / Cyber Security / Data Analytics,"3,30,000",Total 3-year
Yeldo Mar Baselios College (YMBC),"Kothamangalam, Ernakulam",Kerala,BCA,BCA + Artificial Intelligence,"3,30,000",Total 3-year
Yeldo Mar Baselios College (YMBC),"Kothamangalam, Ernakulam",Kerala,MBA,MBA + Logistics SCM / Digital Marketing / Entrepreneurship / Hospital Administration,"2,95,000",Total 2-year (4 sem)
Yeldo Mar Baselios College (YMBC),"Kothamangalam, Ernakulam",Kerala,MCA,MCA + Vulnerability Assessment & Penetration Testing / ML & Deep Learning,"1,50,000",Total 2-year (4 sem)
Yeldo Mar Baselios College (YMBC),"Kothamangalam, Ernakulam",Kerala,MSW,MSW,"1,10,000",Total 2-year (4 sem)
Yeldo Mar Baselios College - Media Programmes,"Kothamangalam, Ernakulam",Kerala,BA,BA Animation & Graphic Design,"2,25,000",Total 3-year (Rs37.5k/sem); adm. Rs20k + prospectus Rs1.5k extra
Yeldo Mar Baselios College - Media Programmes,"Kothamangalam, Ernakulam",Kerala,BA,BA Animation & Visual Effects,"2,25,000",Total 3-year; adm. Rs20k + prospectus Rs1.5k extra
Yeldo Mar Baselios College - Media Programmes,"Kothamangalam, Ernakulam",Kerala,BA,BA Multimedia,"2,25,000",Total 3-year
Yeldo Mar Baselios College - Media Programmes,"Kothamangalam, Ernakulam",Kerala,BA,BA Interior Architecture & Artistry,"2,10,000",Total 3-year (Rs35k/sem)
Yeldo Mar Baselios College - Media Programmes,"Kothamangalam, Ernakulam",Kerala,B.Sc,B.Sc Fashion Designing,"1,92,000",Total 3-year (Rs32k/sem)
Yeldo Mar Baselios College - Media Programmes,"Kothamangalam, Ernakulam",Kerala,MA,MA Graphic Design,"1,20,000",Total 2-year (Rs30k/sem)
Jain University,"Kanakapura, Bengaluru",Karnataka,B.Tech,Aeronautical Engineering,"3,00,000",Annual fee; +₹30k one-time registration
Jain University,"Kanakapura, Bengaluru",Karnataka,B.Tech,Aerospace Engineering,"3,25,000",Annual fee; +₹30k one-time registration
Jain University,"Kanakapura, Bengaluru",Karnataka,B.Tech,Electronics & Communication Engineering,"3,00,000",
Jain University,"Kanakapura, Bengaluru",Karnataka,B.Tech,ECE - VLSI Design & Technology,"3,00,000",
Jain University,"Kanakapura, Bengaluru",Karnataka,B.Tech,ECE - Robotics,"3,00,000",
Jain University,"Kanakapura, Bengaluru",Karnataka,B.Tech,Electrical & Electronics Engineering,"2,00,000",
Jain University,"Kanakapura, Bengaluru",Karnataka,B.Tech,EEE - Electric Vehicles,"2,00,000",
Jain University,"Kanakapura, Bengaluru",Karnataka,B.Tech,EEE - Microgrid Technologies,"2,00,000",
Jain University,"Kanakapura, Bengaluru",Karnataka,B.Tech,Mechanical Engineering,"2,15,000",
Jain University,"Kanakapura, Bengaluru",Karnataka,B.Tech,Mechanical - Mechatronics,"2,15,000",
Jain University,"Kanakapura, Bengaluru",Karnataka,B.Tech,Mechanical - Robotics,"2,15,000",
Jain University,"Kanakapura, Bengaluru",Karnataka,B.Tech,Civil Engineering,"2,00,000",
Jain University,"Kanakapura, Bengaluru",Karnataka,B.Tech,Computer Science & Engineering,"3,25,000",
Jain University,"Kanakapura, Bengaluru",Karnataka,B.Tech,CSE - AI & Machine Learning,"4,00,000",
Jain University,"Kanakapura, Bengaluru",Karnataka,B.Tech,CSE - Cloud Technology & Information Security (Google),"3,25,000",
Jain University,"Kanakapura, Bengaluru",Karnataka,B.Tech,CSE - Mobile Applications & Cloud Technology (Google),"3,00,000",
Jain University,"Kanakapura, Bengaluru",Karnataka,B.Tech,CSE - AI & Data Engineering,"4,00,000",
Jain University,"Kanakapura, Bengaluru",Karnataka,B.Tech,CSE - Blockchain Technology,"3,50,000",
Jain University,"Kanakapura, Bengaluru",Karnataka,B.Tech,CSE - Cyber Physical Systems,"3,50,000",
Jain University,"Kanakapura, Bengaluru",Karnataka,B.Tech,CSE - GenAI (IBM),"3,50,000",
Jain University,"Kanakapura, Bengaluru",Karnataka,B.Tech,CSE in association with PwC,"3,50,000",
Jain University,"Kanakapura, Bengaluru",Karnataka,B.Tech,CSE - AI-Driven DevOps,"3,50,000",
Jain University,"Kanakapura, Bengaluru",Karnataka,B.Tech,Computer Science & Engineering,"3,00,000",
Jain University,"Kanakapura, Bengaluru",Karnataka,B.Tech,CSE - Artificial Intelligence,"3,50,000",
Jain University,"Kanakapura, Bengaluru",Karnataka,B.Tech,CSE - Cybersecurity,"4,00,000",
Jain University,"Kanakapura, Bengaluru",Karnataka,B.Tech,CSE - Data Science (GUVI HCL),"3,75,000",
Jain University,"Kanakapura, Bengaluru",Karnataka,B.Tech,Information Science & Engineering,"3,25,000",
Jain University,"Kanakapura, Bengaluru",Karnataka,B.Tech,Computer Science & Business Systems (TCS),"3,75,000",
Jain University,"Kanakapura, Bengaluru",Karnataka,M.Tech,M.Tech - Non CS Branches,"1,85,000",Annual fee
Jain University,"Kanakapura, Bengaluru",Karnataka,M.Tech,M.Tech - CS Specialization,"2,30,000",
Jain University,"Jayanagar 9th Block, Bengaluru",Karnataka,BCA,BCA - AI & Machine Learning,"2,50,000",
Jain University,"Jayanagar 9th Block, Bengaluru",Karnataka,BCA,BCA - Cloud Technology & Information Security,"2,15,000",
Jain University,"Jayanagar 9th Block, Bengaluru",Karnataka,BCA,BCA - Cybersecurity (EC-Council),"2,35,000",
Jain University,"Jayanagar 9th Block, Bengaluru",Karnataka,BCA,BCA - Data Analytics,"2,15,000",
Jain University,"Jayanagar 9th Block, Bengaluru",Karnataka,BCA,BCA - IoT (Cisco),"2,15,000",
Jain University,"Jayanagar 9th Block, Bengaluru",Karnataka,BCA,BCA - Mobile Application & Cloud Technology,"2,15,000",
Jain University,"Jayanagar 9th Block, Bengaluru",Karnataka,BCA,BCA - IT for Healthcare / GenAI,"1,95,000",
Jain University,"Jayanagar 9th Block, Bengaluru",Karnataka,BCA,BCA - Generative AI (GUVI HCL),"2,05,000",
Jain University,"Jayanagar 9th Block, Bengaluru",Karnataka,UG Commerce,B.Com Regular & Professional,"2,00,000",
Jain University,"Jayanagar 9th Block, Bengaluru",Karnataka,UG Commerce,B.Com - Global Professional Qualification,"2,60,000",
Jain University,"Jayanagar 9th Block, Bengaluru",Karnataka,UG Management,BBA - Financial Services / THM / Aviation,"2,40,000",
Jain University,"Jayanagar 9th Block, Bengaluru",Karnataka,UG Management,BBA - International Business / Leadership,"2,45,000",
Jain University,"Jayanagar 9th Block, Bengaluru",Karnataka,UG Law,BA LLB,"2,65,000",
Jain University,"Jayanagar 9th Block, Bengaluru",Karnataka,UG Law,BBA LLB,"2,85,000",
Jain University,"Seshadri Road / Lalbagh, Bengaluru",Karnataka,MBA,CMS MBA,"6,50,000",
Jain University,"Seshadri Road / Lalbagh, Bengaluru",Karnataka,MBA,CMS MBA - Family Business Management,"7,25,000",
Jain University,"Seshadri Road / Lalbagh, Bengaluru",Karnataka,MBA,CMS MBA Executive,"3,50,000",
Jain University,"Whitefield, Bengaluru",Karnataka,UG Allied Health,B.Sc Medical Lab Technology,"1,95,000",
Jain University,"Whitefield, Bengaluru",Karnataka,UG Allied Health,B.Sc Nuclear Medicine Technology,"1,90,000",
Jain University,"Whitefield, Bengaluru",Karnataka,UG Allied Health,B.Sc Imaging Technology,"1,95,000",
Jain University,"Whitefield, Bengaluru",Karnataka,UG Allied Health,B.Sc Cardiac Technology,"2,10,000",
Jain University,"Yelahanka (SDMCA), Bengaluru",Karnataka,UG Design,B.Design (Product/Interaction/Communication Design),"4,35,000",
Jain University,"Yelahanka (SDMCA), Bengaluru",Karnataka,UG Design,BA CD - Animation & VFX,"3,25,000",
Jain University,"Yelahanka (SDMCA), Bengaluru",Karnataka,UG Commerce,B.Com Regular,"3,25,000",
Jain University,"Kanakapura Sports, Bengaluru",Karnataka,UG Sports,BPES,"1,25,000",
Jain University,"Kanakapura Sports, Bengaluru",Karnataka,UG Sports,B.Sc Sports Science,"1,60,000",
Jain University,"Kanakapura Sports, Bengaluru",Karnataka,UG Sports,B.Sc Sports Analytics & Technology,"1,70,000",
Jain University,"JC Road, Bengaluru",Karnataka,UG Science,B.Sc Forensic Science,"2,05,000",
Jain University,"JC Road, Bengaluru",Karnataka,UG Science,B.Sc Psychology,"2,15,000",
Jain University,"JC Road, Bengaluru",Karnataka,UG Science,B.Sc Data Science & Analytics,"1,95,000",
Presidency University,"Yelahanka, Bengaluru",Karnataka,B.Tech,CSE,"4,10,000",Annual fee
Presidency University,"Yelahanka, Bengaluru",Karnataka,B.Tech,CSE - AI & Machine Learning,"4,00,000",
Presidency University,"Yelahanka, Bengaluru",Karnataka,B.Tech,CSE - Data Science,"3,50,000",
Presidency University,"Yelahanka, Bengaluru",Karnataka,B.Tech,CSE - Cyber Security,"3,35,000",
Presidency University,"Yelahanka, Bengaluru",Karnataka,B.Tech,CSE - Blockchain,"2,50,000",
Presidency University,"Yelahanka, Bengaluru",Karnataka,B.Tech,CSE - IoT,"2,50,000",
Presidency University,"Yelahanka, Bengaluru",Karnataka,B.Tech,Information Science & Engineering,"2,75,000",
Presidency University,"Yelahanka, Bengaluru",Karnataka,B.Tech,AI & Data Science,"3,00,000",
Presidency University,"Yelahanka, Bengaluru",Karnataka,B.Tech,Robotics & AI,"2,50,000",
Presidency University,"Yelahanka, Bengaluru",Karnataka,B.Tech,Civil Engineering,"1,75,000",
Presidency University,"Yelahanka, Bengaluru",Karnataka,B.Tech,Electrical & Electronics Engineering,"1,75,000",
Presidency University,"Yelahanka, Bengaluru",Karnataka,B.Tech,Electronics & Communication Engineering,"2,50,000",
Presidency University,"Yelahanka, Bengaluru",Karnataka,B.Tech,Mechanical Engineering,"1,75,000",
Presidency University,"Yelahanka, Bengaluru",Karnataka,B.Tech,Aerospace Engineering,"2,25,000",
Presidency University,"Yelahanka, Bengaluru",Karnataka,M.Tech,M.Tech - Embedded System & VLSI,"90,000",Annual fee
Presidency University,"Yelahanka, Bengaluru",Karnataka,M.Tech,M.Tech - Automotive Technology,"1,10,000",
Presidency University,"Yelahanka, Bengaluru",Karnataka,M.Tech,M.Tech - Data Science,"1,10,000",
Presidency University,"Yelahanka, Bengaluru",Karnataka,M.Tech,M.Tech - Artificial Intelligence,"1,10,000",
Presidency University,"Yelahanka, Bengaluru",Karnataka,MBA,MBA (All Specializations),"4,00,000",Annual fee
Presidency University,"Yelahanka, Bengaluru",Karnataka,MBA,MBA - FinTech,"4,25,000",
Presidency University,"Yelahanka, Bengaluru",Karnataka,MBA,Executive MBA,"2,25,000",
Presidency University,"Yelahanka, Bengaluru",Karnataka,BBA,BBA (All Specializations),"1,70,000",
Presidency University,"Yelahanka, Bengaluru",Karnataka,BBA,BBA - Hospitality Management,"1,80,000",
Presidency University,"Yelahanka, Bengaluru",Karnataka,B.Com,B.Com (All Specializations),"1,40,000",
Presidency University,"Yelahanka, Bengaluru",Karnataka,B.Com,M.Com,"75,000",
Presidency University,"Yelahanka, Bengaluru",Karnataka,B.Des,B.Des (Product/Communication/Fashion/Game Design),"2,50,000",
Presidency University,"Yelahanka, Bengaluru",Karnataka,BCA,BCA (All Specializations),"1,60,000",
Presidency University,"Yelahanka, Bengaluru",Karnataka,MCA,MCA (All Specializations),"2,25,000",
Presidency University,"Yelahanka, Bengaluru",Karnataka,B.Sc,B.Sc AI / Data Science / Cloud Computing,"1,00,000",
Presidency University,"Yelahanka, Bengaluru",Karnataka,B.Sc,B.Sc Computer Science,"1,00,000",
Presidency University,"Yelahanka, Bengaluru",Karnataka,BA,BA (Journalism / Psychology / History etc.),"1,00,000",
Presidency University,"Yelahanka, Bengaluru",Karnataka,BA,BFA,"1,50,000",
Presidency University,"Yelahanka, Bengaluru",Karnataka,Law,BA LLB / BBA LLB,"1,65,000",Annual fee
Presidency University,"Yelahanka, Bengaluru",Karnataka,Law,LL.M,"1,25,000",
Presidency University,"Yelahanka, Bengaluru",Karnataka,B.Sc / M.Sc,B.Sc Psychology,"1,00,000",
Presidency University,"Yelahanka, Bengaluru",Karnataka,UG Allied Health,Bachelor of Physiotherapy (BPT),"1,80,000",
SRM University (KTR Campus),"Kattankulathur, Chennai",Tamil Nadu,B.Tech,CSE,"4,75,000",Annual fee
SRM University (KTR Campus),"Kattankulathur, Chennai",Tamil Nadu,B.Tech,CSE - AI & ML,"4,75,000",
SRM University (KTR Campus),"Kattankulathur, Chennai",Tamil Nadu,B.Tech,CSE - Data Science,"4,75,000",
SRM University (KTR Campus),"Kattankulathur, Chennai",Tamil Nadu,B.Tech,CSE - Cyber Security,"4,25,000",
SRM University (KTR Campus),"Kattankulathur, Chennai",Tamil Nadu,B.Tech,CSE - Cloud Computing,"4,25,000",
SRM University (KTR Campus),"Kattankulathur, Chennai",Tamil Nadu,B.Tech,CSE - Big Data Analytics,"4,25,000",
SRM University (KTR Campus),"Kattankulathur, Chennai",Tamil Nadu,B.Tech,Artificial Intelligence,"4,75,000",
SRM University (KTR Campus),"Kattankulathur, Chennai",Tamil Nadu,B.Tech,Aerospace Engineering,"4,00,000",
SRM University (KTR Campus),"Kattankulathur, Chennai",Tamil Nadu,B.Tech,Biotechnology,"2,75,000",
SRM University (KTR Campus),"Kattankulathur, Chennai",Tamil Nadu,B.Tech,Mechanical Engineering,"2,75,000",
SRM University (KTR Campus),"Kattankulathur, Chennai",Tamil Nadu,B.Tech,ECE,"2,75,000",
SRM University (KTR Campus),"Kattankulathur, Chennai",Tamil Nadu,B.Tech,Civil Engineering,"2,75,000",
SRM University (KTR Campus),"Kattankulathur, Chennai",Tamil Nadu,B.Tech,Electrical & Electronics Engineering,"2,75,000",
SRM University (KTR Campus),"Kattankulathur, Chennai",Tamil Nadu,B.Tech,Nanotechnology,"4,00,000",
SRM University (KTR Campus),"Kattankulathur, Chennai",Tamil Nadu,M.Tech,M.Tech CSE,"1,60,000",
SRM University (KTR Campus),"Kattankulathur, Chennai",Tamil Nadu,M.Tech,M.Tech AI (with Great Learning),"5,00,000",
SRM University (KTR Campus),"Kattankulathur, Chennai",Tamil Nadu,M.Tech,M.Tech Data Science (with Great Learning),"5,00,000",
SRM University (KTR Campus),"Kattankulathur, Chennai",Tamil Nadu,M.Tech,M.Tech Cyber Security (with Great Learning),"5,00,000",
SRM University (KTR Campus),"Kattankulathur, Chennai",Tamil Nadu,M.Tech,M.Tech Aerospace Engineering,"1,60,000",
SRM University (KTR Campus),"Kattankulathur, Chennai",Tamil Nadu,BBA,BBA (Business Administration),"1,80,000",
SRM University (KTR Campus),"Kattankulathur, Chennai",Tamil Nadu,BBA,BBA - FinTech / Data Science / Digital Marketing,"1,80,000",
SRM University (KTR Campus),"Kattankulathur, Chennai",Tamil Nadu,MBA,MBA (All Specializations),"4,50,000",
SRM University (KTR Campus),"Kattankulathur, Chennai",Tamil Nadu,MBA,MBA - Financial Services (NSE),"5,75,000",
SRM University (KTR Campus),"Kattankulathur, Chennai",Tamil Nadu,B.Com,B.Com - General,"1,25,000",
SRM University (KTR Campus),"Kattankulathur, Chennai",Tamil Nadu,B.Com,B.Com - Finance & Taxation,"1,50,000",
SRM University (KTR Campus),"Kattankulathur, Chennai",Tamil Nadu,B.Com,B.Com - International Accounting,"1,50,000",
SRM University (KTR Campus),"Kattankulathur, Chennai",Tamil Nadu,BCA,BCA - Computer Applications,"1,25,000",
SRM University (KTR Campus),"Kattankulathur, Chennai",Tamil Nadu,BCA,BCA - Generative AI,"1,50,000",
SRM University (KTR Campus),"Kattankulathur, Chennai",Tamil Nadu,MCA,MCA - Computer Applications,"1,75,000",
SRM University (KTR Campus),"Kattankulathur, Chennai",Tamil Nadu,B.Sc,B.Sc Agriculture,"1,80,000",
SRM University (KTR Campus),"Kattankulathur, Chennai",Tamil Nadu,B.Sc,B.Sc Horticulture,"1,20,000",
SRM University (KTR Campus),"Kattankulathur, Chennai",Tamil Nadu,B.Sc,B.Sc Computer Science - AIML,"1,50,000",
SRM University (KTR Campus),"Kattankulathur, Chennai",Tamil Nadu,B.Sc,B.Sc Psychology,"1,25,000",
SRM University (KTR Campus),"Kattankulathur, Chennai",Tamil Nadu,B.Sc,B.Sc Biotechnology,"1,25,000",
SRM University (KTR Campus),"Kattankulathur, Chennai",Tamil Nadu,Law,BA LLB / BBA LLB / B.Com LLB,"2,50,000",
SRM University (KTR Campus),"Kattankulathur, Chennai",Tamil Nadu,Law,LLM - Corporate Law,"1,20,000",
SRM University (KTR Campus),"Kattankulathur, Chennai",Tamil Nadu,UG Allied Health,B.Sc Nursing,"2,40,000",
SRM University (KTR Campus),"Kattankulathur, Chennai",Tamil Nadu,UG Allied Health,BPT - Physiotherapy,"2,10,000",
SRM University (KTR Campus),"Kattankulathur, Chennai",Tamil Nadu,UG Allied Health,B.Sc Cardiac Care Technology,"1,75,000",
SRM University (KTR Campus),"Kattankulathur, Chennai",Tamil Nadu,UG Allied Health,B.Sc Medical Imaging Technology,"1,50,000",
SRM University (KTR Campus),"Kattankulathur, Chennai",Tamil Nadu,UG Allied Health,B.Sc MLT,"90,000",
SRM University (KTR Campus),"Kattankulathur, Chennai",Tamil Nadu,UG Allied Health,B.Pharm,"2,25,000",
SRM University (KTR Campus),"Kattankulathur, Chennai",Tamil Nadu,PG Medical,MBBS,"28,00,000",
SRM University (KTR Campus),"Kattankulathur, Chennai",Tamil Nadu,PG Medical,BDS,"3,90,000",
SRM University (KTR Campus),"Kattankulathur, Chennai",Tamil Nadu,PG Medical,Pharm.D,"5,00,000",
SRM University (KTR Campus),"Kattankulathur, Chennai",Tamil Nadu,PhD,PhD (Various Disciplines),"15,000–30,000",Annual fee
Srinivas University,"Pandeshwar, Mangalore",Karnataka,UG Hotel Mgmt,BHMCT,"3,39,500",Total 4-year fee
Srinivas University,"Pandeshwar, Mangalore",Karnataka,UG Hotel Mgmt,B.Sc Hotel Management,"2,09,000",Total 3-year
Srinivas University,"Pandeshwar, Mangalore",Karnataka,UG Hotel Mgmt,B.Sc Hotel Management (with Aviation & Tourism),"3,79,000",
Srinivas University,"Pandeshwar, Mangalore",Karnataka,UG Management,BBA Regular / B.Com Regular / BA JMC,"1,49,000",
Srinivas University,"Pandeshwar, Mangalore",Karnataka,UG IT,BCA - Software Development & Web Design,"2,29,000",
Srinivas University,"Pandeshwar, Mangalore",Karnataka,UG Management,BBA - Hospital Administration,"2,59,000",
Srinivas University,"Pandeshwar, Mangalore",Karnataka,UG Management,BBA - Aviation / Logistics Management,"4,44,000",
Srinivas University,"Pandeshwar, Mangalore",Karnataka,UG IT,BCA - AI & Advanced Specializations (IBM),"4,59,000",
Srinivas University,"Pandeshwar, Mangalore",Karnataka,UG Management,BBA - AI / Data Science / E-Commerce,"4,49,000",
Srinivas University,"Pandeshwar, Mangalore",Karnataka,UG Commerce,B.Com International Accounting (ACCA),"4,19,000",
Srinivas University,"Pandeshwar, Mangalore",Karnataka,UG Allied Health,BPT / BOT,"8,59,500",
Srinivas University,"Pandeshwar, Mangalore",Karnataka,PG,MBA Regular (Dual Specialization),"4,28,500",
Srinivas University,"Pandeshwar, Mangalore",Karnataka,PG,MCA (Dual Specialization),"2,78,500",
Srinivas University,"Mukka (Surathkal), Mangalore",Karnataka,B.Tech,B.Tech CS / AIML / Cyber Security,"8,74,500",Total 4-year
Srinivas University,"Mukka (Surathkal), Mangalore",Karnataka,B.Tech,B.Tech Mechanical / ECE,"5,69,500",
Srinivas University,"Mukka (Surathkal), Mangalore",Karnataka,B.Tech,B.Tech Marine Engineering,"10,19,500",
Srinivas University,"Mukka (Surathkal), Mangalore",Karnataka,M.Tech,M.Tech CS / Digital Electronics,"1,73,500",
Srinivas University,"Mukka (Surathkal), Mangalore",Karnataka,UG Allied Health,B.Sc Cardiovascular Technology,"9,29,000",
Srinivas University,"Mukka (Surathkal), Mangalore",Karnataka,UG Allied Health,B.Sc Cardiac Care Technology,"7,09,000",
Srinivas University,"Mukka (Surathkal), Mangalore",Karnataka,UG Allied Health,B.Sc Anesthesia & OT / Medical Imaging,"6,29,000",
Srinivas University,"Mukka (Surathkal), Mangalore",Karnataka,UG Allied Health,"B.Sc Nursing (Girls, without hostel)","10,04,500",
Srinivas University,"Mukka (Surathkal), Mangalore",Karnataka,PG Allied Health,M.Sc Allied Health Sciences,"2,78,500",
Srinivas University,"Valachil, Mangalore",Karnataka,B.Tech,B.Tech CS / AIML / AIDS,"8,74,500",
Srinivas University,"Valachil, Mangalore",Karnataka,B.Tech,B.Tech ECE / Mechanical / Aeronautical,"5,69,500",
Srinivas University,"Valachil, Mangalore",Karnataka,B.Arch,B.Architecture (NATA),"6,40,000",
Srinivas University,"Koramangala, Bengaluru",Karnataka,UG IT,BCA AI & Machine Learning,"2,95,000",
Srinivas University,"Koramangala, Bengaluru",Karnataka,UG IT,BCA AI & Data Science,"3,30,000",
Srinivas University,"Koramangala, Bengaluru",Karnataka,UG Management,BBA Aviation & Logistics Management,"2,95,000",
Srinivas University,"Koramangala, Bengaluru",Karnataka,PG,MBA,"3,50,000",
East Point Group of Institutions,"Virgonagar, Bengaluru",Karnataka,BE,CSE / AI-ML / Data Science,"14,25,000",Total 4-year
East Point Group of Institutions,"Virgonagar, Bengaluru",Karnataka,BE,CSE - IoT & Cyber Security,"13,75,000",
East Point Group of Institutions,"Virgonagar, Bengaluru",Karnataka,BE,Information Science & Engineering,"12,25,000",
East Point Group of Institutions,"Virgonagar, Bengaluru",Karnataka,BE,Electronics & Communication,"10,05,000",
East Point Group of Institutions,"Virgonagar, Bengaluru",Karnataka,BE,Civil Engineering,"6,50,000",
East Point Group of Institutions,"Virgonagar, Bengaluru",Karnataka,M.Tech,M.Tech Construction Technology / Product Design,"2,00,000",
East Point Group of Institutions,"Virgonagar, Bengaluru",Karnataka,BBA,BBA Professional,"3,35,000",
East Point Group of Institutions,"Virgonagar, Bengaluru",Karnataka,BBA,BBA Aviation Management,"3,40,000",
East Point Group of Institutions,"Virgonagar, Bengaluru",Karnataka,BCA,BCA Professional,"3,40,000",
East Point Group of Institutions,"Virgonagar, Bengaluru",Karnataka,BCA,BCA AI / Data Science,"3,70,000",
East Point Group of Institutions,"Virgonagar, Bengaluru",Karnataka,B.Com,B.Com Professional,"2,80,000",
East Point Group of Institutions,"Virgonagar, Bengaluru",Karnataka,MBA,MBA,"5,10,000",
East Point Group of Institutions,"Virgonagar, Bengaluru",Karnataka,MBA,MBA Professional,"5,80,000",
East Point Group of Institutions,"Virgonagar, Bengaluru",Karnataka,MCA,MCA,"4,00,000",
East Point Group of Institutions,"Virgonagar, Bengaluru",Karnataka,B.Pharm,Bachelor of Pharmacy,"6,85,000",
East Point Group of Institutions,"Virgonagar, Bengaluru",Karnataka,D.Pharm,Diploma in Pharmacy,"1,90,000",
East Point Group of Institutions,"Virgonagar, Bengaluru",Karnataka,Pharm.D,Doctor of Pharmacy,"17,90,000",
East Point Group of Institutions,"Virgonagar, Bengaluru",Karnataka,UG Allied Health,B.Sc Cardiac Care Technology,"9,25,000",
East Point Group of Institutions,"Virgonagar, Bengaluru",Karnataka,UG Allied Health,B.Sc Anesthesia & OT Technology,"7,50,000",
East Point Group of Institutions,"Virgonagar, Bengaluru",Karnataka,UG Allied Health,B.Sc Medical Imaging Technology,"6,50,000",
East Point Group of Institutions,"Virgonagar, Bengaluru",Karnataka,UG Allied Health,B.Sc MLT,"4,10,000",
East Point Group of Institutions,"Virgonagar, Bengaluru",Karnataka,UG Allied Health,BPT - Physiotherapy,"6,90,000",
East Point Group of Institutions,"Virgonagar, Bengaluru",Karnataka,PG Allied Health,MPT (Musculoskeletal / Sports / Neurological),"6,00,000",
East Point Group of Institutions,"Virgonagar, Bengaluru",Karnataka,UG Nursing,B.Sc Nursing (with hostel) - Female,Varies,Hostel-inclusive; see fee sheet
East Point Group of Institutions,"Virgonagar, Bengaluru",Karnataka,UG Nursing,GNM (with hostel),"5,65,000",
Brindavan College,"Yelahanka, Bengaluru",Karnataka,BE,CSE,"10,80,000",Total 4-year
Brindavan College,"Yelahanka, Bengaluru",Karnataka,BE,CSE - AI & ML,"8,80,000",
Brindavan College,"Yelahanka, Bengaluru",Karnataka,BE,Information Science & Engineering,"8,40,000",
Brindavan College,"Yelahanka, Bengaluru",Karnataka,BE,"IoT, Cyber Security & Blockchain","7,20,000",
Brindavan College,"Yelahanka, Bengaluru",Karnataka,BE,ECE,"6,40,000",
Brindavan College,"Yelahanka, Bengaluru",Karnataka,BE,Civil Engineering,"4,00,000",
Brindavan College,"Yelahanka, Bengaluru",Karnataka,BE,Mechanical Engineering,"4,00,000",
Brindavan College,"Yelahanka, Bengaluru",Karnataka,M.Tech,M.Tech CS / Civil,"1,60,000",
Brindavan College,"Yelahanka, Bengaluru",Karnataka,BBA,BBA,"2,50,000",Total 3-year
Brindavan College,"Yelahanka, Bengaluru",Karnataka,BBA,BBA - Aviation / Logistics / Hospital Admin,"3,25,000",
Brindavan College,"Yelahanka, Bengaluru",Karnataka,B.Com,B.Com,"1,80,000",
Brindavan College,"Yelahanka, Bengaluru",Karnataka,B.Com,B.Com - ACCA / Logistics / Banking,"3,10,000 – 3,75,000",
Brindavan College,"Yelahanka, Bengaluru",Karnataka,BCA,BCA (All Specializations),"3,75,000",
Brindavan College,"Yelahanka, Bengaluru",Karnataka,B.Sc,B.Sc Computer Science,"2,20,000",
Brindavan College,"Yelahanka, Bengaluru",Karnataka,MBA,MBA (BCU & VTU),"2,50,000",Per year
Brindavan College,"Yelahanka, Bengaluru",Karnataka,MCA,MCA (BCU & VTU),"1,50,000",Per year
Brindavan College,"Yelahanka, Bengaluru",Karnataka,Diploma,Diploma CS / ECE,"1,55,000",
Brindavan College,"Yelahanka, Bengaluru",Karnataka,PUC,PUC Science,"1,30,000",
Brindavan College,"Yelahanka, Bengaluru",Karnataka,PUC,PUC Commerce,"1,10,000",
Akash Group of Institutions,Bengaluru,Karnataka,BE,CSE / CSE AI-ML,"8,25,000",Total 4-year; Non-Karnataka fee
Akash Group of Institutions,Bengaluru,Karnataka,BE,AI & Data Science,"7,50,000",
Akash Group of Institutions,Bengaluru,Karnataka,BE,CSE Cyber Security / Data Science,"6,60,000",
Akash Group of Institutions,Bengaluru,Karnataka,BE,Information Science & Engineering,"5,50,000",
Akash Group of Institutions,Bengaluru,Karnataka,BE,ECE,"5,50,000",
Akash Group of Institutions,Bengaluru,Karnataka,BE,Mechanical Engineering,"3,45,000",
Akash Group of Institutions,Bengaluru,Karnataka,MBA,MBA Advanced,"3,60,000",
Akash Group of Institutions,Bengaluru,Karnataka,MCA,MCA Advanced,"2,90,000",
Akash Group of Institutions,Bengaluru,Karnataka,BBA,BBA Advanced,"3,35,000",
Akash Group of Institutions,Bengaluru,Karnataka,BBA,BBA Aviation Management (Advanced),"3,55,000",
Akash Group of Institutions,Bengaluru,Karnataka,BCA,BCA Advanced,"3,55,000",
Akash Group of Institutions,Bengaluru,Karnataka,B.Com,B.Com Advanced,"2,20,000",
Akash Group of Institutions,Bengaluru,Karnataka,UG Allied Health,BPT - Physiotherapy,"6,65,000",
Akash Group of Institutions,Bengaluru,Karnataka,PG Allied Health,MPT - Musculoskeletal / Neurological Sciences,"4,75,000",
Akash Group of Institutions,Bengaluru,Karnataka,UG Allied Health,B.Sc Cardiac Care Technology,"7,75,000",
Akash Group of Institutions,Bengaluru,Karnataka,UG Allied Health,B.Sc Anesthesia & OT / Medical Imaging,"5,15,000",
Akash Group of Institutions,Bengaluru,Karnataka,UG Allied Health,B.Sc Perfusion Technology,"4,45,000",
Akash Group of Institutions,Bengaluru,Karnataka,UG Allied Health,B.Sc MLT / Renal Dialysis,"3,30,000",
Akash Group of Institutions,Bengaluru,Karnataka,UG Allied Health,B.Sc Optometry,"2,95,000",
Akash Group of Institutions,Bengaluru,Karnataka,B.Pharm,B.Pharm,"5,45,000",
Akash Group of Institutions,Bengaluru,Karnataka,UG Nursing,B.Sc Nursing,"6,95,000",
Akash Group of Institutions,Bengaluru,Karnataka,Paramedical Diploma,Diploma OT & AT / MLT,"2,05,000",
Akash Group of Institutions,Bengaluru,Karnataka,Paramedical Diploma,Diploma Imaging Technology,"1,90,000",
Akash Group of Institutions,Bengaluru,Karnataka,Paramedical Diploma,Diploma Health Inspector / Dialysis,"1,50,000",
GEMS College (Ramapuram),"Ramapuram, Kerala",Kerala,BBA,BBA + Aviation & Logistics,"2,50,250",Total 3-year; includes 18% GST
GEMS College (Ramapuram),"Ramapuram, Kerala",Kerala,BBA,BBA,"1,83,000",Total 3-year; includes 18% GST
GEMS College (Ramapuram),"Ramapuram, Kerala",Kerala,B.Com,B.Com CA + Aviation & Logistics / Game Development,"2,66,250",
GEMS College (Ramapuram),"Ramapuram, Kerala",Kerala,B.Com,"B.Com CA + Cyber Security, EH & Data Science","2,66,250",
GEMS College (Ramapuram),"Ramapuram, Kerala",Kerala,B.Com,B.Com Finance / Co-operation / Banking & Insurance,"1,83,000",
GEMS College (Ramapuram),"Ramapuram, Kerala",Kerala,BTTM,BTTM + Aviation & Logistics,"2,66,250",
GEMS College (Ramapuram),"Ramapuram, Kerala",Kerala,BA,BA English + Aviation & Logistics / Game Development,"2,50,250",
GEMS College (Ramapuram),"Ramapuram, Kerala",Kerala,BA,BA Sociology + Counselling Psychology,"1,83,000",
GEMS College (Ramapuram),"Ramapuram, Kerala",Kerala,BA,BA Multimedia + Game Development / CS & EH,"3,51,750",
GEMS College (Ramapuram),"Ramapuram, Kerala",Kerala,BCA,BCA + CS / EH / Game Development,"3,17,250",
GEMS College (Ramapuram),"Ramapuram, Kerala",Kerala,B.Sc,B.Sc Microbiology + Food Processing,"3,21,750",
GEMS College (Ramapuram),"Ramapuram, Kerala",Kerala,B.Sc,B.Sc AI + CS / EH / Game Development,"3,51,750",
GEMS College (Ramapuram),"Ramapuram, Kerala",Kerala,B.Sc,B.Sc Computer Science + CS / EH / Game Development,"3,17,250",
GEMS College (Ramapuram),"Ramapuram, Kerala",Kerala,B.Sc,B.Sc Biotechnology + Food Processing,"3,21,750",
GEMS College (Ramapuram),"Ramapuram, Kerala",Kerala,B.Sc,B.Sc Geology + Disaster Management,"2,66,250",
KMM College of Arts & Science,"Thrikkakara, Ernakulam",Kerala,BBA,"BBA + Aviation, Logistics & SCM","3,95,000","Total 3-year; Adm. fee ₹30,000 extra"
KMM College of Arts & Science,"Thrikkakara, Ernakulam",Kerala,BBA,BBA + Business Analytics & Digital Marketing,"3,95,000",
KMM College of Arts & Science,"Thrikkakara, Ernakulam",Kerala,BBA,BBA + Aviation & Airport Management,"3,75,000",
KMM College of Arts & Science,"Thrikkakara, Ernakulam",Kerala,BBA,BBA + Hospital Administration,"3,95,000",
KMM College of Arts & Science,"Thrikkakara, Ernakulam",Kerala,BBA,BBA + Entrepreneurship,"3,95,000",
KMM College of Arts & Science,"Thrikkakara, Ernakulam",Kerala,BCA,BCA + AI & Data Science,"3,85,000",
KMM College of Arts & Science,"Thrikkakara, Ernakulam",Kerala,BCA,BCA + AI & Robotics,"3,85,000",
KMM College of Arts & Science,"Thrikkakara, Ernakulam",Kerala,BCA,BCA + Cloud Computing & Cyber Security,"3,85,000",
KMM College of Arts & Science,"Thrikkakara, Ernakulam",Kerala,B.Com,"B.Com + Aviation, Logistics & SCM","3,55,000",
KMM College of Arts & Science,"Thrikkakara, Ernakulam",Kerala,B.Com,B.Com + CMA (USA),"3,65,000",
KMM College of Arts & Science,"Thrikkakara, Ernakulam",Kerala,B.Com,B.Com + ACCA (UK),"3,95,000",
KMM College of Arts & Science,"Thrikkakara, Ernakulam",Kerala,B.Sc,B.Sc CS + AI & DevOps,"3,75,000",
KMM College of Arts & Science,"Thrikkakara, Ernakulam",Kerala,B.Sc,B.Sc Cyber Forensic + Cyber Security,"3,75,000",
KMM College of Arts & Science,"Thrikkakara, Ernakulam",Kerala,B.Sc,B.Sc Psychology + Counselling,"3,55,000",
KMM College of Arts & Science,"Thrikkakara, Ernakulam",Kerala,B.Sc,B.Sc Fashion & Apparel Design,"2,95,000",
KMM College of Arts & Science,"Thrikkakara, Ernakulam",Kerala,BA,BA English + Content Creation,"3,55,000",
KMM College of Arts & Science,"Thrikkakara, Ernakulam",Kerala,BSW,BSW Digital Skills for Social Work,"1,32,000",
KMM College of Arts & Science,"Thrikkakara, Ernakulam",Kerala,B.Sc,B.Sc Mathematics,"2,95,000",
KMM College of Arts & Science,"Thrikkakara, Ernakulam",Kerala,MCA,MCA + AI & Robotics (Integrated / International),"4,65,000",
KMM College of Arts & Science,"Thrikkakara, Ernakulam",Kerala,MCA,MCA + AI & Data Science,"2,85,000 – 3,95,000",
KMM College of Arts & Science,"Thrikkakara, Ernakulam",Kerala,MBA,MBA (Single/Dual) + Digital Marketing / Applied AI,"5,25,000",
KMM College of Arts & Science,"Thrikkakara, Ernakulam",Kerala,MBA,Integrated MBA + Aviation & Logistics (International),"5,25,000",
KMM College of Arts & Science,"Thrikkakara, Ernakulam",Kerala,MSW,MSW + Counselling & Mental Health,"4,65,000",
KMM College of Arts & Science,"Thrikkakara, Ernakulam",Kerala,M.Sc,M.Sc Cyber Forensic,"4,65,000",
KMM College of Arts & Science,"Thrikkakara, Ernakulam",Kerala,M.Sc,M.Sc Psychology + Counselling,"4,65,000",
Athena Group of Institutions,Mangalore,Karnataka,GNM,GNM - Girls (with hostel),"2,85,000",Total 3-year; hostel incl.
Athena Group of Institutions,Mangalore,Karnataka,GNM,GNM - Boys (with hostel),"5,40,000",Total 3-year
Athena Group of Institutions,Mangalore,Karnataka,PG Nursing,P.B. B.Sc Nursing,"3,70,000",Total 2-year
Athena Group of Institutions,Mangalore,Karnataka,PG Nursing,M.Sc Nursing,"2,02,500",Total 2-year
Athena Group of Institutions,Mangalore,Karnataka,UG Allied Health,B.Sc MIT (Girls),"2,90,000",Total 4-year
Athena Group of Institutions,Mangalore,Karnataka,UG Allied Health,B.Sc MLT (Girls),"2,60,000",
Athena Group of Institutions,Mangalore,Karnataka,UG Allied Health,B.Sc AT&OT (Girls),"2,60,000",
Athena Group of Institutions,Mangalore,Karnataka,UG Allied Health,B.Sc Radiography / Respiratory / EM (Girls),"1,95,000 – 2,90,000",
Athena Group of Institutions,Mangalore,Karnataka,UG Allied Health,B.Sc MIT (Boys),"3,10,000",
Athena Group of Institutions,Mangalore,Karnataka,UG Allied Health,BOT - Bachelor of Occupational Therapy,"4,70,000",
Athena Group of Institutions,Mangalore,Karnataka,PG Allied Health,M.Sc Allied Health (MIT / RDT / MLT),"2,00,000",
Yenepoya University (Mudipu Campus),"Mudipu, Mangalore",Karnataka,BCA,BCA (All AI/Cyber Security/Data Science Specializations),"4,55,000","Total 3-year: ₹1,91,000 + 2×₹1,32,000"
Yenepoya University (Mudipu Campus),"Mudipu, Mangalore",Karnataka,BBA,BBA (Aviation / HR / FinTech / AI & Analytics),"4,55,000",Total 3-year
Yenepoya University (Mudipu Campus),"Mudipu, Mangalore",Karnataka,MBA,MBA Leap (All Specializations),"6,29,000",Total 2-year
Christian College Bangalore,"Horamavu, Bengaluru",Karnataka,BBA,BBA,"2,10,000",Total 3-year
Christian College Bangalore,"Horamavu, Bengaluru",Karnataka,BBA,BBA Aviation Management,"2,95,000",
Christian College Bangalore,"Horamavu, Bengaluru",Karnataka,BBA,BBA IATA,"3,35,000",
Christian College Bangalore,"Horamavu, Bengaluru",Karnataka,B.Com,B.Com,"1,70,000",
Christian College Bangalore,"Horamavu, Bengaluru",Karnataka,B.Com,B.Com Logistics,"3,15,000",
Christian College Bangalore,"Horamavu, Bengaluru",Karnataka,B.Com,B.Com with ACCA,"3,35,000",
Christian College Bangalore,"Horamavu, Bengaluru",Karnataka,BCA,BCA (Cloud / AI / Digital Marketing),"2,80,000 – 3,50,000",
Christian College Bangalore,"Horamavu, Bengaluru",Karnataka,B.Sc,B.Sc Nutrition & Dietetics,"2,80,000",
Christian College Bangalore,"Horamavu, Bengaluru",Karnataka,MBA,MBA,"4,50,000",
Christian College Bangalore,"Horamavu, Bengaluru",Karnataka,UG Allied Health,BPT,"8,75,000",
Christian College Bangalore,"Horamavu, Bengaluru",Karnataka,UG Allied Health,B.Sc Optometry,"2,70,000",
Christian College Bangalore,"Horamavu, Bengaluru",Karnataka,UG Allied Health,B.Sc Cardiac Care Technology,"6,00,000",
Christian College Bangalore,"Horamavu, Bengaluru",Karnataka,UG Allied Health,B.Sc Perfusion Technology,"3,50,000",
Christian College Bangalore,"Horamavu, Bengaluru",Karnataka,UG Allied Health,B.Sc Medical Imaging Technology,"4,50,000",
Christian College Bangalore,"Horamavu, Bengaluru",Karnataka,UG Nursing,B.Sc Nursing - Girls,"9,50,000",Package incl. food & accom.
Christian College Bangalore,"Horamavu, Bengaluru",Karnataka,UG Nursing,B.Sc Nursing - Boys,"9,50,000",
Christian College Bangalore,"Horamavu, Bengaluru",Karnataka,UG Nursing,GNM - Girls,"3,95,000",
Christian College Bangalore,"Horamavu, Bengaluru",Karnataka,UG Nursing,GNM - Boys,"4,10,000",
Christian College Bangalore,"Horamavu, Bengaluru",Karnataka,PG Nursing,M.Sc Nursing (Medical Surgical),"2,30,000",
Christian College Bangalore,"Horamavu, Bengaluru",Karnataka,PG Nursing,M.Sc Nursing (OBG / Psychiatric),"2,20,000",
SEA Group of Institutions,Bengaluru,Karnataka,BE/B.Tech,CSE,"13,75,000",Total 4-year (₹3.25L + 3×3L + admission)
SEA Group of Institutions,Bengaluru,Karnataka,BE/B.Tech,AI & ML / AI & Data Science,"11,50,000",
SEA Group of Institutions,Bengaluru,Karnataka,BE/B.Tech,ECE / IoT & Cyber Security,"8,25,000",
SEA Group of Institutions,Bengaluru,Karnataka,BE/B.Tech,ISE,"8,25,000",
SEA Group of Institutions,Bengaluru,Karnataka,BE/B.Tech,Mechanical / Civil Engineering,"5,25,000",
SEA Group of Institutions,Bengaluru,Karnataka,B.Com,B.Com,"2,15,000",Total 3-year (adm. extra)
SEA Group of Institutions,Bengaluru,Karnataka,BBA,BBA,"2,75,000",
SEA Group of Institutions,Bengaluru,Karnataka,BCA,BCA,"3,50,000",
SEA Group of Institutions,Bengaluru,Karnataka,BCA,BCA Advanced (AI/ML/Cloud/Cyber),"4,15,000",
SEA Group of Institutions,Bengaluru,Karnataka,BBA,BBA Advanced (Logistics / Business Analytics),"3,65,000",
SEA Group of Institutions,Bengaluru,Karnataka,BA,BA (All Combinations),"2,30,000",
SEA Group of Institutions,Bengaluru,Karnataka,B.Sc,B.Sc (All Combinations),"2,75,000",
SEA Group of Institutions,Bengaluru,Karnataka,MBA,MBA (BNU Autonomous),"4,15,000",Total 2-year
SEA Group of Institutions,Bengaluru,Karnataka,MBA,MBA (VTU),"3,40,000",
SEA Group of Institutions,Bengaluru,Karnataka,MCA,MCA,"3,80,000",
SEA Group of Institutions,Bengaluru,Karnataka,M.Com,M.Com,"2,10,000",
SEA Group of Institutions,Bengaluru,Karnataka,UG Nursing,GNM,"2,65,000",
SEA Group of Institutions,Bengaluru,Karnataka,PG Nursing,M.Sc Nursing (All Specializations),"2,15,000",
SEA Group of Institutions,Bengaluru,Karnataka,UG Allied Health,B.Sc AT&OT / MIT,"5,20,000",
SEA Group of Institutions,Bengaluru,Karnataka,Law,LLB 3 Years,"2,95,000",
SEA Group of Institutions,Bengaluru,Karnataka,Law,BA LLB 5 Years,"4,25,000",
SEA Group of Institutions,Bengaluru,Karnataka,B.Ed,B.Ed,"1,90,000",
RR Institutions,Bengaluru,Karnataka,BE,AI & ML / CSE AI-ML / CSE / CSE AI-DS,Not listed,Hostel-inclusive fee; exam fees extra
RR Institutions,Bengaluru,Karnataka,BE,ISE / Civil / ECE / EEE / Mechanical,Not listed,See institution for fees
RR Institutions,Bengaluru,Karnataka,MBA,MBA Dual Specialization,Not listed,
RR Institutions,Bengaluru,Karnataka,BBA,BBA / BBA Aviation & Logistics,Not listed,
RR Institutions,Bengaluru,Karnataka,BCA,BCA AI-ML / Data Analytics / Cyber Security,Not listed,
RR Institutions,Bengaluru,Karnataka,UG Nursing,B.Sc Nursing / GNM,Not listed,Package includes basic hostel
RR Institutions,Bengaluru,Karnataka,UG Allied Health,B.Sc Allied Health Sciences (multiple),Not listed,
RR Institutions,Bengaluru,Karnataka,B.Pharm / Pharm.D,B.Pharm / D.Pharm / Pharm.D / M.Pharm,Not listed,
RR Institutions,Bengaluru,Karnataka,UG Allied Health,BPT / MPT,Not listed,
SAN International College of Arts & Science,"Palakkad, Kerala",Kerala,BBA,BBA CA + Aviation & Airport Management,"2,85,000",Total 3-year
SAN International College of Arts & Science,"Palakkad, Kerala",Kerala,BBA,BBA + Hospital Administration / Digital Marketing,"3,00,000",
SAN International College of Arts & Science,"Palakkad, Kerala",Kerala,BBA,BBA Aviation + Logistics & SCM,"3,00,000",
SAN International College of Arts & Science,"Palakkad, Kerala",Kerala,B.Com,B.Com CA + Aviation & Logistics,"2,80,000",
SAN International College of Arts & Science,"Palakkad, Kerala",Kerala,B.Com,B.Com Professional Accounting,"3,40,000",
SAN International College of Arts & Science,"Palakkad, Kerala",Kerala,B.Com,B.Com Professional Accounting + CMA USA,"3,20,000",
SAN International College of Arts & Science,"Palakkad, Kerala",Kerala,B.Com,B.Com + ACCA,"3,40,000",
SAN International College of Arts & Science,"Palakkad, Kerala",Kerala,B.Sc,B.Sc Microbiology,"1,35,000",
SAN International College of Arts & Science,"Palakkad, Kerala",Kerala,B.Sc,B.Sc Microbiology + Clinical Data / Environmental Mgmt,"2,40,000",
SAN International College of Arts & Science,"Palakkad, Kerala",Kerala,B.Sc,B.Sc Psychology + Health Care Management,"2,40,000",
SAN International College of Arts & Science,"Palakkad, Kerala",Kerala,M.Sc,M.Sc Microbiology,"1,20,000",Total 2-year
SAN International College of Arts & Science,"Palakkad, Kerala",Kerala,MBA,Hybrid MBA (Anna University),"1,80,000",
SAN International College of Arts & Science,"Palakkad, Kerala",Kerala,MBA,Global MBA,"2,80,000",
Cochin College Kakkanad,"Kakkanad, Ernakulam",Kerala,BBA,BBA + Aviation & Logistics,"3,85,000",Total 3-year; Adm. ₹30k included
Cochin College Kakkanad,"Kakkanad, Ernakulam",Kerala,BBA,BBA + Airline & Airport Management,"3,45,000",
Cochin College Kakkanad,"Kakkanad, Ernakulam",Kerala,BCA,BCA AI & Data Science + Cyber Security,"3,68,000",
Cochin College Kakkanad,"Kakkanad, Ernakulam",Kerala,BCA,BCA AI & Data Science + Game Development,"3,78,000",
Cochin College Kakkanad,"Kakkanad, Ernakulam",Kerala,B.Com,B.Com + Aviation & Logistics,"3,43,000",
Cochin College Kakkanad,"Kakkanad, Ernakulam",Kerala,B.Com,B.Com + Airline & Airport Management,"3,03,000",
Cochin College Kakkanad,"Kakkanad, Ernakulam",Kerala,B.Com,B.Com + Game Development,"3,36,000",
Cochin College Kakkanad,"Kakkanad, Ernakulam",Kerala,B.Com,B.Com + Trading & Investment Banking,"2,98,000",
Cochin College Kakkanad,"Kakkanad, Ernakulam",Kerala,B.Com,B.Com + FinTech with AI,"2,98,000",
Cochin College Kakkanad,"Kakkanad, Ernakulam",Kerala,B.Com,B.Com Logistics + DGR & Export Management,"2,98,000",
Cochin College Kakkanad,"Kakkanad, Ernakulam",Kerala,B.Sc,B.Sc Cyber Forensic + Cyber Security,"3,68,000",
Cochin College Kakkanad,"Kakkanad, Ernakulam",Kerala,B.Sc,B.Sc Food Technology + Food Science & Entrepreneurship,"3,20,000",
Cochin College Kakkanad,"Kakkanad, Ernakulam",Kerala,B.Sc,B.Sc Microbiology + Food Science,"3,20,000",
Cochin College Kakkanad,"Kakkanad, Ernakulam",Kerala,B.Sc,B.Sc Biotechnology + CLT & Tissue Culture,"3,20,000",
Cochin College Kakkanad,"Kakkanad, Ernakulam",Kerala,B.Sc,B.Sc Psychology + Counselling,"2,95,000",
Cochin College Kakkanad,"Kakkanad, Ernakulam",Kerala,M.Com,M.Com + ACCA,"1,12,000",Total 2-year
Cochin College Kakkanad,"Kakkanad, Ernakulam",Kerala,MBA,MBA + Add-On (Job Ready),"4,70,000",
Cochin College Kakkanad,"Kakkanad, Ernakulam",Kerala,M.Sc,M.Sc AI + Data Science,"2,80,000",
Raja Rajeswari Medical College & Hospital,Bengaluru,Karnataka,UG Nursing,B.Sc Nursing,"10,00,000",Total 4-year
Raja Rajeswari Medical College & Hospital,Bengaluru,Karnataka,PG Nursing,M.Sc Nursing - OBG / Paediatric / Community,"2,00,000",Total 2-year
Raja Rajeswari Medical College & Hospital,Bengaluru,Karnataka,PG Nursing,M.Sc Nursing - Medical Surgical / MHN,"2,50,000",
Raja Rajeswari Medical College & Hospital,Bengaluru,Karnataka,PG Nursing,Post B.Sc Nursing,"2,00,000",
Raja Rajeswari Medical College & Hospital,Bengaluru,Karnataka,UG Allied Health,BPT,"9,00,000",Total 4-year (₹2.25L/yr)
Raja Rajeswari Medical College & Hospital,Bengaluru,Karnataka,PG Allied Health,MPT Neurology / Musculoskeletal,"4,50,000",Total 2-year
Raja Rajeswari Medical College & Hospital,Bengaluru,Karnataka,PG Allied Health,MPT Sports,"4,00,000",
Raja Rajeswari Medical College & Hospital,Bengaluru,Karnataka,PG Allied Health,MPT Cardio,"3,50,000",
Raja Rajeswari Medical College & Hospital,Bengaluru,Karnataka,UG Allied Health,B.Sc Cardiac Care Technology,"6,00,000",Total 3-year
Raja Rajeswari Medical College & Hospital,Bengaluru,Karnataka,UG Allied Health,B.Sc AT & OT / MIT,"6,00,000 – 6,75,000",
Raja Rajeswari Medical College & Hospital,Bengaluru,Karnataka,UG Allied Health,B.Sc MLT / Optometry / Renal Dialysis,"3,00,000 – 4,05,000",
Raja Rajeswari Medical College & Hospital,Bengaluru,Karnataka,UG Allied Health,B.Sc Perfusion Technology,"4,50,000",
Raja Rajeswari Medical College & Hospital,Bengaluru,Karnataka,PG Allied Health,M.Sc Medical Imaging Technology,Not listed,
Raja Rajeswari Medical College & Hospital,Bengaluru,Karnataka,PG Allied Health,M.Sc Echocardiography,Not listed,
RV University (Mysuru Campus),"Nanjangud, Mysuru",Karnataka,B.Tech,B.Tech CS & Engineering (Introductory fee),"4,00,000",1st yr introductory; subsequent yrs lower
RV University (Mysuru Campus),"Nanjangud, Mysuru",Karnataka,B.Tech,B.Tech AI & ML,"4,00,000",
RV University (Mysuru Campus),"Nanjangud, Mysuru",Karnataka,B.Sc,B.Sc Data Science,"1,60,000",1st yr; 4-year total ~4.90L
RV University (Mysuru Campus),"Nanjangud, Mysuru",Karnataka,BCA,BCA Computer Science / Electronics & Comm,"2,80,000",1st yr
RV University (Mysuru Campus),"Nanjangud, Mysuru",Karnataka,MCA,MCA,"2,10,000",1st yr
RV University (Mysuru Campus),"Nanjangud, Mysuru",Karnataka,BBA,BBA Regular,"1,60,000",1st yr
RV University (Mysuru Campus),"Nanjangud, Mysuru",Karnataka,BBA,BBA - Logistics & SCM / Business Analytics,"1,90,000",1st yr
RV University (Mysuru Campus),"Nanjangud, Mysuru",Karnataka,B.Com,B.Com Regular,"1,35,000",1st yr
RV University (Mysuru Campus),"Nanjangud, Mysuru",Karnataka,B.Com,B.Com ACCA,"1,85,000",1st yr
RV University (Mysuru Campus),"Nanjangud, Mysuru",Karnataka,B.Sc,B.Sc Psychology,"1,85,000",1st yr
RV University (Mysuru Campus),"Nanjangud, Mysuru",Karnataka,B.Sc,B.Sc Chemistry with Polymer & Pharmaceuticals,"1,10,000",1st yr
RV University (Mysuru Campus),"Nanjangud, Mysuru",Karnataka,B.Pharma,Bachelor of Pharmacy,"2,50,000",Annual fee
City College Mangalore,Mangalore,Karnataka,UG Allied Health,BPT - Physiotherapy,"3,75,000",Total 4-year (tuition only; hostel & mess extra)
City College Mangalore,Mangalore,Karnataka,UG Allied Health,B.Sc OT & AT,"2,70,000",Total 3-year tuition
City College Mangalore,Mangalore,Karnataka,UG Allied Health,B.Sc MIT,"3,20,000",Total 3-year tuition
City College Mangalore,Mangalore,Karnataka,UG Allied Health,B.Sc MLT,"2,45,000",Total 3-year tuition
City College Mangalore,Mangalore,Karnataka,UG Nursing,GNM,"1,50,000","Total 3-year tuition; adm. Boys ₹75k, Girls ₹40k extra"
Shantidhama Group of Institutions,"Magadi Road, Bengaluru",Karnataka,UG Nursing,B.Sc Nursing - Girls,"8,95,000",Total 4-year; incl. food & accommodation
Shantidhama Group of Institutions,"Magadi Road, Bengaluru",Karnataka,UG Nursing,B.Sc Nursing - Boys,"9,25,000",
Shantidhama Group of Institutions,"Magadi Road, Bengaluru",Karnataka,UG Nursing,D.GNM,"3,95,000",Total 3-year
Shantidhama Group of Institutions,"Magadi Road, Bengaluru",Karnataka,UG Allied Health,BPT,"5,25,000",Total 4-year
Shantidhama Group of Institutions,"Magadi Road, Bengaluru",Karnataka,UG Allied Health,B.Sc AT-OT (Girls),"4,95,000",Total 3-year
Shantidhama Group of Institutions,"Magadi Road, Bengaluru",Karnataka,UG Allied Health,B.Sc MIT / Optometry / MLT (Girls),"4,80,000",
Shantidhama Group of Institutions,"Magadi Road, Bengaluru",Karnataka,UG Allied Health,B.Sc AT-OT Lateral (Girls),"3,30,000",
Shantidhama Group of Institutions,"Magadi Road, Bengaluru",Karnataka,UG Allied Health,B.Sc MIT / Optometry / MLT Lateral (Girls),"3,80,000",
Shantidhama Group of Institutions,"Magadi Road, Bengaluru",Karnataka,PG Nursing,M.Sc Nursing - MSN (OBG / Paed / Community),"2,20,000",Total 2-year
Shantidhama Group of Institutions,"Magadi Road, Bengaluru",Karnataka,PG Nursing,M.Sc Nursing - MSN (Medical Surgical / Psychiatric),"2,80,000",
Shantidhama Group of Institutions,"Magadi Road, Bengaluru",Karnataka,PG Nursing,PB B.Sc Nursing,"2,25,000",Total 2-year
